concept_id,lemma,synonym_group,category,size_score,label_kind,label_source,notes,aliases
animals_00,garden ant,animals_00,animals,1,demo_ordinal,Assistant-authored provisional engineering fixture; no raters or measurements,Ordinary adult/full-sized object; approximate overall extent. Ordinal only.,
animals_01,housefly,animals_01,animals,2,demo_ordinal,Assistant-authored provisional engineering fixture; no raters or measurements,Ordinary adult/full-sized object; approximate overall extent. Ordinal only.,
animals_02,house mouse,animals_02,animals,4,demo_ordinal,Assistant-authored provisional engineering fixture; no raters or measurements,Ordinary adult/full-sized object; approximate overall extent. Ordinal only.,
animals_03,domestic rabbit,animals_03,animals,6,demo_ordinal,Assistant-authored provisional engineering fixture; no raters or measurements,Ordinary adult/full-sized object; approximate overall extent. Ordinal only.,
animals_04,domestic cat,animals_04,animals,6,demo_ordinal,Assistant-authored provisional engineering fixture; no raters or measurements,Ordinary adult/full-sized object; approximate overall extent. Ordinal only.,
animals_05,Labrador dog,animals_05,animals,7,demo_ordinal,Assistant-authored provisional engineering fixture; no raters or measurements,Ordinary adult/full-sized object; approximate overall extent. Ordinal only.,
animals_06,domestic sheep,animals_06,animals,8,demo_ordinal,Assistant-authored provisional engineering fixture; no raters or measurements,Ordinary adult/full-sized object; approximate overall extent. Ordinal only.,
animals_07,adult horse,animals_07,animals,9,demo_ordinal,Assistant-authored provisional engineering fixture; no raters or measurements,Ordinary adult/full-sized object; approximate overall extent. Ordinal only.,
animals_08,adult African elephant,animals_08,animals,10,demo_ordinal,Assistant-authored provisional engineering fixture; no raters or measurements,Ordinary adult/full-sized object; approximate overall extent. Ordinal only.,
animals_09,adult blue whale,animals_09,animals,12,demo_ordinal,Assistant-authored provisional engineering fixture; no raters or measurements,Ordinary adult/full-sized object; approximate overall extent. Ordinal only.,
produce_00,poppy seed,produce_00,produce,1,demo_ordinal,Assistant-authored provisional engineering fixture; no raters or measurements,Ordinary adult/full-sized object; approximate overall extent. Ordinal only.,
produce_01,garden pea,produce_01,produce,2,demo_ordinal,Assistant-authored provisional engineering fixture; no raters or measurements,Ordinary adult/full-sized object; approximate overall extent. Ordinal only.,
produce_02,blueberry,produce_02,produce,3,demo_ordinal,Assistant-authored provisional engineering fixture; no raters or measurements,Ordinary adult/full-sized object; approximate overall extent. Ordinal only.,
produce_03,cherry,produce_03,produce,3,demo_ordinal,Assistant-authored provisional engineering fixture; no raters or measurements,Ordinary adult/full-sized object; approximate overall extent. Ordinal only.,
produce_04,strawberry,produce_04,produce,4,demo_ordinal,Assistant-authored provisional engineering fixture; no raters or measurements,Ordinary adult/full-sized object; approximate overall extent. Ordinal only.,
produce_05,apple,produce_05,produce,4,demo_ordinal,Assistant-authored provisional engineering fixture; no raters or measurements,Ordinary adult/full-sized object; approximate overall extent. Ordinal only.,
produce_06,orange,produce_06,produce,4,demo_ordinal,Assistant-authored provisional engineering fixture; no raters or measurements,Ordinary adult/full-sized object; approximate overall extent. Ordinal only.,
produce_07,grapefruit,produce_07,produce,5,demo_ordinal,Assistant-authored provisional engineering fixture; no raters or measurements,Ordinary adult/full-sized object; approximate overall extent. Ordinal only.,
produce_08,cantaloupe melon,produce_08,produce,6,demo_ordinal,Assistant-authored provisional engineering fixture; no raters or measurements,Ordinary adult/full-sized object; approximate overall extent. Ordinal only.,
produce_09,watermelon,produce_09,produce,7,demo_ordinal,Assistant-authored provisional engineering fixture; no raters or measurements,Ordinary adult/full-sized object; approximate overall extent. Ordinal only.,
household_00,sewing bead,household_00,household,2,demo_ordinal,Assistant-authored provisional engineering fixture; no raters or measurements,Ordinary adult/full-sized object; approximate overall extent. Ordinal only.,
household_01,shirt button,household_01,household,3,demo_ordinal,Assistant-authored provisional engineering fixture; no raters or measurements,Ordinary adult/full-sized object; approximate overall extent. Ordinal only.,
household_02,thimble,household_02,household,3,demo_ordinal,Assistant-authored provisional engineering fixture; no raters or measurements,Ordinary adult/full-sized object; approximate overall extent. Ordinal only.,
household_03,teacup,household_03,household,4,demo_ordinal,Assistant-authored provisional engineering fixture; no raters or measurements,Ordinary adult/full-sized object; approximate overall extent. Ordinal only.,
household_04,coffee mug,household_04,household,5,demo_ordinal,Assistant-authored provisional engineering fixture; no raters or measurements,Ordinary adult/full-sized object; approximate overall extent. Ordinal only.,
household_05,dinner plate,household_05,household,6,demo_ordinal,Assistant-authored provisional engineering fixture; no raters or measurements,Ordinary adult/full-sized object; approximate overall extent. Ordinal only.,
household_06,bedside lamp,household_06,household,6,demo_ordinal,Assistant-authored provisional engineering fixture; no raters or measurements,Ordinary adult/full-sized object; approximate overall extent. Ordinal only.,
household_07,dining chair,household_07,household,7,demo_ordinal,Assistant-authored provisional engineering fixture; no raters or measurements,Ordinary adult/full-sized object; approximate overall extent. Ordinal only.,
household_08,two-seat sofa,household_08,household,9,demo_ordinal,Assistant-authored provisional engineering fixture; no raters or measurements,Ordinary adult/full-sized object; approximate overall extent. Ordinal only.,
household_09,double bed,household_09,household,9,demo_ordinal,Assistant-authored provisional engineering fixture; no raters or measurements,Ordinary adult/full-sized object; approximate overall extent. Ordinal only.,
tools_00,sewing needle,tools_00,tools,3,demo_ordinal,Assistant-authored provisional engineering fixture; no raters or measurements,Ordinary adult/full-sized object; approximate overall extent. Ordinal only.,
tools_01,paper clip,tools_01,tools,3,demo_ordinal,Assistant-authored provisional engineering fixture; no raters or measurements,Ordinary adult/full-sized object; approximate overall extent. Ordinal only.,
tools_02,door key,tools_02,tools,4,demo_ordinal,Assistant-authored provisional engineering fixture; no raters or measurements,Ordinary adult/full-sized object; approximate overall extent. Ordinal only.,
tools_03,teaspoon,tools_03,tools,5,demo_ordinal,Assistant-authored provisional engineering fixture; no raters or measurements,Ordinary adult/full-sized object; approximate overall extent. Ordinal only.,
tools_04,screwdriver,tools_04,tools,5,demo_ordinal,Assistant-authored provisional engineering fixture; no raters or measurements,Ordinary adult/full-sized object; approximate overall extent. Ordinal only.,
tools_05,claw hammer,tools_05,tools,6,demo_ordinal,Assistant-authored provisional engineering fixture; no raters or measurements,Ordinary adult/full-sized object; approximate overall extent. Ordinal only.,
tools_06,hand saw,tools_06,tools,7,demo_ordinal,Assistant-authored provisional engineering fixture; no raters or measurements,Ordinary adult/full-sized object; approximate overall extent. Ordinal only.,
tools_07,garden spade,tools_07,tools,8,demo_ordinal,Assistant-authored provisional engineering fixture; no raters or measurements,Ordinary adult/full-sized object; approximate overall extent. Ordinal only.,
tools_08,wheelbarrow,tools_08,tools,8,demo_ordinal,Assistant-authored provisional engineering fixture; no raters or measurements,Ordinary adult/full-sized object; approximate overall extent. Ordinal only.,
tools_09,extension ladder,tools_09,tools,10,demo_ordinal,Assistant-authored provisional engineering fixture; no raters or measurements,Ordinary adult/full-sized object; approximate overall extent. Ordinal only.,
transport_00,roller skate,transport_00,transport,6,demo_ordinal,Assistant-authored provisional engineering fixture; no raters or measurements,Ordinary adult/full-sized object; approximate overall extent. Ordinal only.,
transport_01,skateboard,transport_01,transport,7,demo_ordinal,Assistant-authored provisional engineering fixture; no raters or measurements,Ordinary adult/full-sized object; approximate overall extent. Ordinal only.,
transport_02,kick scooter,transport_02,transport,8,demo_ordinal,Assistant-authored provisional engineering fixture; no raters or measurements,Ordinary adult/full-sized object; approximate overall extent. Ordinal only.,
transport_03,adult bicycle,transport_03,transport,8,demo_ordinal,Assistant-authored provisional engineering fixture; no raters or measurements,Ordinary adult/full-sized object; approximate overall extent. Ordinal only.,
transport_04,motorcycle,transport_04,transport,9,demo_ordinal,Assistant-authored provisional engineering fixture; no raters or measurements,Ordinary adult/full-sized object; approximate overall extent. Ordinal only.,
transport_05,compact car,transport_05,transport,10,demo_ordinal,Assistant-authored provisional engineering fixture; no raters or measurements,Ordinary adult/full-sized object; approximate overall extent. Ordinal only.,
transport_06,delivery van,transport_06,transport,10,demo_ordinal,Assistant-authored provisional engineering fixture; no raters or measurements,Ordinary adult/full-sized object; approximate overall extent. Ordinal only.,
transport_07,city bus,transport_07,transport,11,demo_ordinal,Assistant-authored provisional engineering fixture; no raters or measurements,Ordinary adult/full-sized object; approximate overall extent. Ordinal only.,
transport_08,railway passenger carriage,transport_08,transport,12,demo_ordinal,Assistant-authored provisional engineering fixture; no raters or measurements,Ordinary adult/full-sized object; approximate overall extent. Ordinal only.,
transport_09,Boeing 747 airliner,transport_09,transport,13,demo_ordinal,Assistant-authored provisional engineering fixture; no raters or measurements,Ordinary adult/full-sized object; approximate overall extent. Ordinal only.,
instruments_00,guitar pick,instruments_00,instruments,3,demo_ordinal,Assistant-authored provisional engineering fixture; no raters or measurements,Ordinary adult/full-sized object; approximate overall extent. Ordinal only.,
instruments_01,kazoo,instruments_01,instruments,4,demo_ordinal,Assistant-authored provisional engineering fixture; no raters or measurements,Ordinary adult/full-sized object; approximate overall extent. Ordinal only.,
instruments_02,harmonica,instruments_02,instruments,4,demo_ordinal,Assistant-authored provisional engineering fixture; no raters or measurements,Ordinary adult/full-sized object; approximate overall extent. Ordinal only.,
instruments_03,soprano recorder,instruments_03,instruments,6,demo_ordinal,Assistant-authored provisional engineering fixture; no raters or measurements,Ordinary adult/full-sized object; approximate overall extent. Ordinal only.,
instruments_04,tambourine,instruments_04,instruments,6,demo_ordinal,Assistant-authored provisional engineering fixture; no raters or measurements,Ordinary adult/full-sized object; approximate overall extent. Ordinal only.,
instruments_05,trumpet,instruments_05,instruments,7,demo_ordinal,Assistant-authored provisional engineering fixture; no raters or measurements,Ordinary adult/full-sized object; approximate overall extent. Ordinal only.,
instruments_06,violin,instruments_06,instruments,7,demo_ordinal,Assistant-authored provisional engineering fixture; no raters or measurements,Ordinary adult/full-sized object; approximate overall extent. Ordinal only.,
instruments_07,acoustic guitar,instruments_07,instruments,8,demo_ordinal,Assistant-authored provisional engineering fixture; no raters or measurements,Ordinary adult/full-sized object; approximate overall extent. Ordinal only.,
instruments_08,cello,instruments_08,instruments,9,demo_ordinal,Assistant-authored provisional engineering fixture; no raters or measurements,Ordinary adult/full-sized object; approximate overall extent. Ordinal only.,
instruments_09,concert grand piano,instruments_09,instruments,10,demo_ordinal,Assistant-authored provisional engineering fixture; no raters or measurements,Ordinary adult/full-sized object; approximate overall extent. Ordinal only.,
