pair_id,target,reference,expected_relation,provenance
pair_animals_00,animals_00,ref_container,smaller,"demo_ordinal: assistant-authored qualitative relation, not measured"
pair_animals_01,animals_01,ref_container,smaller,"demo_ordinal: assistant-authored qualitative relation, not measured"
pair_animals_02,animals_02,ref_container,smaller,"demo_ordinal: assistant-authored qualitative relation, not measured"
pair_animals_03,animals_03,ref_container,smaller,"demo_ordinal: assistant-authored qualitative relation, not measured"
pair_animals_04,animals_04,ref_container,smaller,"demo_ordinal: assistant-authored qualitative relation, not measured"
pair_animals_05,animals_05,ref_salt,larger,"demo_ordinal: assistant-authored qualitative relation, not measured"
pair_animals_06,animals_06,ref_salt,larger,"demo_ordinal: assistant-authored qualitative relation, not measured"
pair_animals_07,animals_07,ref_salt,larger,"demo_ordinal: assistant-authored qualitative relation, not measured"
pair_animals_08,animals_08,ref_salt,larger,"demo_ordinal: assistant-authored qualitative relation, not measured"
pair_animals_09,animals_09,ref_salt,larger,"demo_ordinal: assistant-authored qualitative relation, not measured"
pair_produce_00,produce_00,ref_container,smaller,"demo_ordinal: assistant-authored qualitative relation, not measured"
pair_produce_01,produce_01,ref_container,smaller,"demo_ordinal: assistant-authored qualitative relation, not measured"
pair_produce_02,produce_02,ref_container,smaller,"demo_ordinal: assistant-authored qualitative relation, not measured"
pair_produce_03,produce_03,ref_container,smaller,"demo_ordinal: assistant-authored qualitative relation, not measured"
pair_produce_04,produce_04,ref_container,smaller,"demo_ordinal: assistant-authored qualitative relation, not measured"
pair_produce_05,produce_05,ref_container,smaller,"demo_ordinal: assistant-authored qualitative relation, not measured"
pair_produce_06,produce_06,ref_container,smaller,"demo_ordinal: assistant-authored qualitative relation, not measured"
pair_produce_07,produce_07,ref_container,smaller,"demo_ordinal: assistant-authored qualitative relation, not measured"
pair_produce_08,produce_08,ref_container,smaller,"demo_ordinal: assistant-authored qualitative relation, not measured"
pair_produce_09,produce_09,ref_salt,larger,"demo_ordinal: assistant-authored qualitative relation, not measured"
pair_household_00,household_00,ref_container,smaller,"demo_ordinal: assistant-authored qualitative relation, not measured"
pair_household_01,household_01,ref_container,smaller,"demo_ordinal: assistant-authored qualitative relation, not measured"
pair_household_02,household_02,ref_container,smaller,"demo_ordinal: assistant-authored qualitative relation, not measured"
pair_household_03,household_03,ref_container,smaller,"demo_ordinal: assistant-authored qualitative relation, not measured"
pair_household_04,household_04,ref_container,smaller,"demo_ordinal: assistant-authored qualitative relation, not measured"
pair_household_05,household_05,ref_container,smaller,"demo_ordinal: assistant-authored qualitative relation, not measured"
pair_household_06,household_06,ref_container,smaller,"demo_ordinal: assistant-authored qualitative relation, not measured"
pair_household_07,household_07,ref_salt,larger,"demo_ordinal: assistant-authored qualitative relation, not measured"
pair_household_08,household_08,ref_salt,larger,"demo_ordinal: assistant-authored qualitative relation, not measured"
pair_household_09,household_09,ref_salt,larger,"demo_ordinal: assistant-authored qualitative relation, not measured"
pair_tools_00,tools_00,ref_container,smaller,"demo_ordinal: assistant-authored qualitative relation, not measured"
pair_tools_01,tools_01,ref_container,smaller,"demo_ordinal: assistant-authored qualitative relation, not measured"
pair_tools_02,tools_02,ref_container,smaller,"demo_ordinal: assistant-authored qualitative relation, not measured"
pair_tools_03,tools_03,ref_container,smaller,"demo_ordinal: assistant-authored qualitative relation, not measured"
pair_tools_04,tools_04,ref_container,smaller,"demo_ordinal: assistant-authored qualitative relation, not measured"
pair_tools_05,tools_05,ref_container,smaller,"demo_ordinal: assistant-authored qualitative relation, not measured"
pair_tools_06,tools_06,ref_salt,larger,"demo_ordinal: assistant-authored qualitative relation, not measured"
pair_tools_07,tools_07,ref_salt,larger,"demo_ordinal: assistant-authored qualitative relation, not measured"
pair_tools_08,tools_08,ref_salt,larger,"demo_ordinal: assistant-authored qualitative relation, not measured"
pair_tools_09,tools_09,ref_salt,larger,"demo_ordinal: assistant-authored qualitative relation, not measured"
pair_transport_00,transport_00,ref_container,smaller,"demo_ordinal: assistant-authored qualitative relation, not measured"
pair_transport_01,transport_01,ref_salt,larger,"demo_ordinal: assistant-authored qualitative relation, not measured"
pair_transport_02,transport_02,ref_salt,larger,"demo_ordinal: assistant-authored qualitative relation, not measured"
pair_transport_03,transport_03,ref_salt,larger,"demo_ordinal: assistant-authored qualitative relation, not measured"
pair_transport_04,transport_04,ref_salt,larger,"demo_ordinal: assistant-authored qualitative relation, not measured"
pair_transport_05,transport_05,ref_salt,larger,"demo_ordinal: assistant-authored qualitative relation, not measured"
pair_transport_06,transport_06,ref_salt,larger,"demo_ordinal: assistant-authored qualitative relation, not measured"
pair_transport_07,transport_07,ref_salt,larger,"demo_ordinal: assistant-authored qualitative relation, not measured"
pair_transport_08,transport_08,ref_salt,larger,"demo_ordinal: assistant-authored qualitative relation, not measured"
pair_transport_09,transport_09,ref_salt,larger,"demo_ordinal: assistant-authored qualitative relation, not measured"
pair_instruments_00,instruments_00,ref_container,smaller,"demo_ordinal: assistant-authored qualitative relation, not measured"
pair_instruments_01,instruments_01,ref_container,smaller,"demo_ordinal: assistant-authored qualitative relation, not measured"
pair_instruments_02,instruments_02,ref_container,smaller,"demo_ordinal: assistant-authored qualitative relation, not measured"
pair_instruments_03,instruments_03,ref_container,smaller,"demo_ordinal: assistant-authored qualitative relation, not measured"
pair_instruments_04,instruments_04,ref_container,smaller,"demo_ordinal: assistant-authored qualitative relation, not measured"
pair_instruments_05,instruments_05,ref_salt,larger,"demo_ordinal: assistant-authored qualitative relation, not measured"
pair_instruments_06,instruments_06,ref_salt,larger,"demo_ordinal: assistant-authored qualitative relation, not measured"
pair_instruments_07,instruments_07,ref_salt,larger,"demo_ordinal: assistant-authored qualitative relation, not measured"
pair_instruments_08,instruments_08,ref_salt,larger,"demo_ordinal: assistant-authored qualitative relation, not measured"
pair_instruments_09,instruments_09,ref_salt,larger,"demo_ordinal: assistant-authored qualitative relation, not measured"
