entity_id,name,foil,entity_split,tag
entity_00,Kalo,Kalox,train,red
entity_01,Neri,Nerix,test,blue
entity_02,Pavo,Pavox,train,red
entity_03,Sumi,Sumix,validation,blue
entity_04,Leto,Letox,train,red
entity_05,Vanu,Vanux,validation,blue
entity_06,Riko,Rikox,test,red
entity_07,Tavi,Tavix,validation,blue
entity_08,Melo,Melox,test,red
entity_09,Zuri,Zurix,train,blue
entity_10,Dema,Demax,train,red
entity_11,Feno,Fenox,train,blue
entity_12,Gavi,Gavix,validation,red
entity_13,Huno,Hunox,train,blue
entity_14,Jari,Jarix,train,red
entity_15,Lumi,Lumix,train,blue
entity_16,Navo,Navox,train,red
entity_17,Peli,Pelix,test,blue
entity_18,Rumi,Rumix,train,red
entity_19,Savo,Savox,train,blue
