concept_id,quality_id,rater_id,rating,scale_id,source,notes
lex_salt_grain,size,,,,,
lex_ant,size,,,,,
lex_pea,size,,,,,
lex_blueberry,size,,,,,
lex_button,size,,,,,
lex_strawberry,size,,,,,
lex_walnut,size,,,,,
lex_apple,size,,,,,
lex_teacup,size,,,,,
lex_tennis_ball,size,,,,,
lex_loaf_of_bread,size,,,,,
lex_book,size,,,,,
lex_rabbit,size,,,,,
lex_basketball,size,,,,,
lex_brick,size,,,,,
lex_chair,size,,,,,
lex_bicycle,size,,,,,
lex_dog,size,,,,,
lex_armchair,size,,,,,
lex_adult_person,size,,,,,
lex_elephant,size,,,,,
lex_shipping_container,size,,,,,
lex_bus,size,,,,,
lex_airplane,size,,,,,
lex_building,size,,,,,
lex_feather,mass,,,,,
lex_paperclip,mass,,,,,
lex_postage_stamp,mass,,,,,
lex_rice_grain,mass,,,,,
lex_dry_leaf,mass,,,,,
lex_pencil,mass,,,,,
lex_coin,mass,,,,,
lex_key,mass,,,,,
lex_eraser,mass,,,,,
lex_teabag,mass,,,,,
lex_apple,mass,,,,,
lex_smartphone,mass,,,,,
lex_mug,mass,,,,,
lex_orange,mass,,,,,
lex_bar_of_soap,mass,,,,,
lex_laptop,mass,,,,,
lex_brick,mass,,,,,
lex_dictionary,mass,,,,,
lex_bowling_ball,mass,,,,,
lex_kettlebell,mass,,,,,
lex_refrigerator,mass,,,,,
lex_motorcycle,mass,,,,,
lex_car,mass,,,,,
lex_elephant,mass,,,,,
lex_locomotive,mass,,,,,
lex_dry_ice,temperature,,,,,
lex_ice_cube,temperature,,,,,
lex_snow,temperature,,,,,
lex_frozen_lake,temperature,,,,,
lex_icicle,temperature,,,,,
lex_chilled_water,temperature,,,,,
lex_refrigerated_milk,temperature,,,,,
lex_cold_cellar,temperature,,,,,
lex_cool_stream,temperature,,,,,
lex_winter_air,temperature,,,,,
lex_room_temperature_water,temperature,,,,,
lex_indoor_air,temperature,,,,,
lex_wooden_desk,temperature,,,,,
lex_room_temperature_apple,temperature,,,,,
lex_unheated_ceramic_tile,temperature,,,,,
lex_warm_bath,temperature,,,,,
lex_sunlit_pavement,temperature,,,,,
lex_fresh_tea,temperature,,,,,
lex_heating_pad,temperature,,,,,
lex_warm_radiator,temperature,,,,,
lex_boiling_water,temperature,,,,,
lex_oven_interior,temperature,,,,,
lex_campfire,temperature,,,,,
lex_molten_lava,temperature,,,,,
lex_blast_furnace,temperature,,,,,
lex_parked_car,speed,,,,,
lex_stationary_statue,speed,,,,,
lex_resting_stone,speed,,,,,
lex_stopped_clock_hand,speed,,,,,
lex_anchored_boat,speed,,,,,
lex_snail,speed,,,,,
lex_tortoise,speed,,,,,
lex_crawling_baby,speed,,,,,
lex_drifting_leaf,speed,,,,,
lex_walking_pedestrian,speed,,,,,
lex_jogger,speed,,,,,
lex_cyclist,speed,,,,,
lex_swimmer,speed,,,,,
lex_running_dog,speed,,,,,
lex_rolling_skateboard,speed,,,,,
lex_galloping_horse,speed,,,,,
lex_moving_train,speed,,,,,
lex_motorcycle_on_a_highway,speed,,,,,
lex_cheetah,speed,,,,,
lex_speedboat,speed,,,,,
lex_jet_aircraft,speed,,,,,
lex_racing_car,speed,,,,,
lex_rocket,speed,,,,,
lex_meteor,speed,,,,,
lex_spacecraft,speed,,,,,
lex_unlit_cave,brightness,,,,,
lex_black_cloth_in_shade,brightness,,,,,
lex_moonless_sky,brightness,,,,,
lex_unlit_screen,brightness,,,,,
lex_dark_cupboard,brightness,,,,,
lex_candlelit_room,brightness,,,,,
lex_night_light,brightness,,,,,
lex_twilight_sky,brightness,,,,,
lex_dim_hallway,brightness,,,,,
lex_glowing_ember,brightness,,,,,
lex_cloudy_sky,brightness,,,,,
lex_desk_lamp,brightness,,,,,
lex_computer_screen,brightness,,,,,
lex_lit_kitchen,brightness,,,,,
lex_overcast_courtyard,brightness,,,,,
lex_sunlit_white_wall,brightness,,,,,
lex_stage_spotlight,brightness,,,,,
lex_car_headlight,brightness,,,,,
lex_bright_shop_window,brightness,,,,,
lex_sunlit_snow,brightness,,,,,
lex_sun_s_disc,brightness,,,,,
lex_camera_flash,brightness,,,,,
lex_welding_arc,brightness,,,,,
lex_lightning_flash,brightness,,,,,
lex_floodlight,brightness,,,,,
lex_falling_snow,loudness,,,,,
lex_distant_rustle,loudness,,,,,
lex_soft_breathing,loudness,,,,,
lex_ticking_wristwatch,loudness,,,,,
lex_faint_hum,loudness,,,,,
lex_whisper,loudness,,,,,
lex_turning_book_page,loudness,,,,,
lex_gentle_rain,loudness,,,,,
lex_quiet_fan,loudness,,,,,
lex_soft_footsteps,loudness,,,,,
lex_conversation,loudness,,,,,
lex_running_tap,loudness,,,,,
lex_piano_practice,loudness,,,,,
lex_busy_cafe,loudness,,,,,
lex_television,loudness,,,,,
lex_vacuum_cleaner,loudness,,,,,
lex_shouting_crowd,loudness,,,,,
lex_passing_truck,loudness,,,,,
lex_power_drill,loudness,,,,,
lex_barking_dog,loudness,,,,,
lex_thunderclap,loudness,,,,,
lex_jet_takeoff,loudness,,,,,
lex_stadium_roar,loudness,,,,,
lex_fire_alarm,loudness,,,,,
lex_rock_concert,loudness,,,,,
lex_bass_drum,pitch,,,,,
lex_low_organ_pedal,pitch,,,,,
lex_tuba,pitch,,,,,
lex_bass_guitar,pitch,,,,,
lex_distant_rumble,pitch,,,,,
lex_cello,pitch,,,,,
lex_baritone_voice,pitch,,,,,
lex_bassoon,pitch,,,,,
lex_low_piano_note,pitch,,,,,
lex_bull_s_bellow,pitch,,,,,
lex_conversational_voice,pitch,,,,,
lex_viola,pitch,,,,,
lex_guitar_middle_string,pitch,,,,,
lex_clarinet_middle_register,pitch,,,,,
lex_middle_piano_note,pitch,,,,,
lex_flute,pitch,,,,,
lex_soprano_voice,pitch,,,,,
lex_violin_upper_register,pitch,,,,,
lex_birdsong,pitch,,,,,
lex_whistling_kettle,pitch,,,,,
lex_piccolo,pitch,,,,,
lex_mosquito_whine,pitch,,,,,
lex_high_electronic_beep,pitch,,,,,
lex_squeaky_hinge,pitch,,,,,
lex_bat_chirp,pitch,,,,,
lex_polished_glass,roughness,,,,,
lex_silk,roughness,,,,,
lex_mirror,roughness,,,,,
lex_glazed_porcelain,roughness,,,,,
lex_smooth_ice,roughness,,,,,
lex_satin,roughness,,,,,
lex_plastic_ruler,roughness,,,,,
lex_polished_wood,roughness,,,,,
lex_fine_paper,roughness,,,,,
lex_smooth_leather,roughness,,,,,
lex_cotton_cloth,roughness,,,,,
lex_cardboard,roughness,,,,,
lex_unpolished_wood,roughness,,,,,
lex_woven_linen,roughness,,,,,
lex_orange_peel,roughness,,,,,
lex_tree_bark,roughness,,,,,
lex_sandpaper,roughness,,,,,
lex_gravel,roughness,,,,,
lex_coarse_fabric,roughness,,,,,
lex_rough_stone,roughness,,,,,
lex_jagged_rock,roughness,,,,,
lex_coarse_rasp,roughness,,,,,
lex_broken_concrete,roughness,,,,,
lex_sharp_lava_rock,roughness,,,,,
lex_very_coarse_sandpaper,roughness,,,,,
lex_whipped_cream,hardness,,,,,
lex_soft_foam,hardness,,,,,
lex_fresh_dough,hardness,,,,,
lex_cotton_wool,hardness,,,,,
lex_gelatin_dessert,hardness,,,,,
lex_rubber_eraser,hardness,,,,,
lex_soft_clay,hardness,,,,,
lex_candle_wax,hardness,,,,,
lex_ripe_banana,hardness,,,,,
lex_cork,hardness,,,,,
lex_leather,hardness,,,,,
lex_cardboard,hardness,,,,,
lex_pine_wood,hardness,,,,,
lex_firm_rubber,hardness,,,,,
lex_packed_soil,hardness,,,,,
lex_hardwood,hardness,,,,,
lex_brick,hardness,,,,,
lex_aluminium_plate,hardness,,,,,
lex_ceramic_tile,hardness,,,,,
lex_bone,hardness,,,,,
lex_steel_block,hardness,,,,,
lex_granite,hardness,,,,,
lex_quartz,hardness,,,,,
lex_hardened_tool_steel,hardness,,,,,
lex_diamond,hardness,,,,,
lex_molded_clay,elasticity,,,,,
lex_kneaded_dough,elasticity,,,,,
lex_crumpled_foil,elasticity,,,,,
lex_bent_paperclip,elasticity,,,,,
lex_putty,elasticity,,,,,
lex_damp_cardboard,elasticity,,,,,
lex_creased_paper,elasticity,,,,,
lex_soft_wax,elasticity,,,,,
lex_compressed_sand,elasticity,,,,,
lex_flattened_dough,elasticity,,,,,
lex_worn_sponge,elasticity,,,,,
lex_memory_foam,elasticity,,,,,
lex_soft_leather,elasticity,,,,,
lex_felt_pad,elasticity,,,,,
lex_flexible_packing_foam,elasticity,,,,,
lex_cork_stopper,elasticity,,,,,
lex_silicone_sheet,elasticity,,,,,
lex_springy_foam,elasticity,,,,,
lex_flexible_plastic_strip,elasticity,,,,,
lex_wool_cushion,elasticity,,,,,
lex_rubber_band,elasticity,,,,,
lex_steel_spring,elasticity,,,,,
lex_bungee_cord,elasticity,,,,,
lex_elastic_fabric,elasticity,,,,,
lex_rubber_ball,elasticity,,,,,
lex_plain_water,sweetness,,,,,
lex_unsweetened_tea,sweetness,,,,,
lex_black_coffee,sweetness,,,,,
lex_celery,sweetness,,,,,
lex_cucumber,sweetness,,,,,
lex_plain_milk,sweetness,,,,,
lex_carrot,sweetness,,,,,
lex_oatmeal,sweetness,,,,,
lex_plain_bread,sweetness,,,,,
lex_unsweetened_yogurt,sweetness,,,,,
lex_apple,sweetness,,,,,
lex_banana,sweetness,,,,,
lex_sweetcorn,sweetness,,,,,
lex_strawberry,sweetness,,,,,
lex_pear,sweetness,,,,,
lex_ripe_mango,sweetness,,,,,
lex_cake,sweetness,,,,,
lex_sweetened_yogurt,sweetness,,,,,
lex_milk_chocolate,sweetness,,,,,
lex_fruit_jam,sweetness,,,,,
lex_honey,sweetness,,,,,
lex_sugar_syrup,sweetness,,,,,
lex_hard_candy,sweetness,,,,,
lex_marshmallow,sweetness,,,,,
lex_icing_sugar,sweetness,,,,,
lex_toothache,pleasantness,,,,,
lex_bereavement,pleasantness,,,,,
lex_humiliation,pleasantness,,,,,
lex_severe_loneliness,pleasantness,,,,,
lex_nausea,pleasantness,,,,,
lex_traffic_delay,pleasantness,,,,,
lex_minor_argument,pleasantness,,,,,
lex_paper_cut,pleasantness,,,,,
lex_boredom,pleasantness,,,,,
lex_unwanted_noise,pleasantness,,,,,
lex_blank_form,pleasantness,,,,,
lex_plain_wall,pleasantness,,,,,
lex_neutral_announcement,pleasantness,,,,,
lex_empty_cardboard_box,pleasantness,,,,,
lex_ordinary_timetable,pleasantness,,,,,
lex_friendly_conversation,pleasantness,,,,,
lex_warm_bath,pleasantness,,,,,
lex_favorite_meal,pleasantness,,,,,
lex_sunny_walk,pleasantness,,,,,
lex_pleasant_music,pleasantness,,,,,
lex_joyful_reunion,pleasantness,,,,,
lex_deep_relief,pleasantness,,,,,
lex_loving_embrace,pleasantness,,,,,
lex_major_achievement,pleasantness,,,,,
lex_wonderful_surprise,pleasantness,,,,,
lex_sleepy_afternoon,arousal,,,,,
lex_quiet_rest,arousal,,,,,
lex_slow_breathing,arousal,,,,,
lex_drowsiness,arousal,,,,,
lex_gentle_lullaby,arousal,,,,,
lex_calm_reading,arousal,,,,,
lex_peaceful_garden,arousal,,,,,
lex_soft_music,arousal,,,,,
lex_relaxed_conversation,arousal,,,,,
lex_slow_walk,arousal,,,,,
lex_ordinary_meeting,arousal,,,,,
lex_light_exercise,arousal,,,,,
lex_interesting_lecture,arousal,,,,,
lex_friendly_game,arousal,,,,,
lex_routine_shopping,arousal,,,,,
lex_lively_celebration,arousal,,,,,
lex_competitive_match,arousal,,,,,
lex_urgent_deadline,arousal,,,,,
lex_exciting_news,arousal,,,,,
lex_tense_argument,arousal,,,,,
lex_panic,arousal,,,,,
lex_intense_excitement,arousal,,,,,
lex_sudden_alarm,arousal,,,,,
lex_thrilling_climax,arousal,,,,,
lex_extreme_surprise,arousal,,,,,
lex_soft_cushion,danger,,,,,
lex_folded_towel,danger,,,,,
lex_paper_bookmark,danger,,,,,
lex_plush_toy,danger,,,,,
lex_empty_notebook,danger,,,,,
lex_paper_edge,danger,,,,,
lex_uneven_paving_stone,danger,,,,,
lex_warm_cup,danger,,,,,
lex_small_splinter,danger,,,,,
lex_mildly_slippery_floor,danger,,,,,
lex_steep_staircase,danger,,,,,
lex_sharp_kitchen_knife,danger,,,,,
lex_busy_road,danger,,,,,
lex_deep_pond,danger,,,,,
lex_hot_pan,danger,,,,,
lex_cliff_edge,danger,,,,,
lex_unstable_ladder,danger,,,,,
lex_large_aggressive_animal,danger,,,,,
lex_fast_moving_traffic,danger,,,,,
lex_exposed_electrical_wire,danger,,,,,
lex_wildfire,danger,,,,,
lex_avalanche,danger,,,,,
lex_collapsing_building,danger,,,,,
lex_major_flood,danger,,,,,
lex_violent_tornado,danger,,,,,
