quality_id,format,template_id,n,n_groups,accuracy,mean_correct_margin
arousal,natural_continuation,paraphrase,8,2,0.625,0.4921875298023224
arousal,natural_continuation,plain,8,2,0.5,0.2519531548023224
brightness,natural_continuation,paraphrase,8,2,1.0,0.8144530951976776
brightness,natural_continuation,plain,8,2,0.625,0.875
danger,AB,paraphrase,16,1,0.5625,0.10351562686264515
danger,AB,plain,16,1,0.625,0.23632811475545168
danger,natural_continuation,paraphrase,8,2,0.5,0.7540093064308167
danger,natural_continuation,plain,8,2,0.5,0.8867577612400055
elasticity,natural_continuation,paraphrase,8,2,0.75,0.623046875
elasticity,natural_continuation,plain,8,2,0.5,0.3652344346046448
hardness,natural_continuation,paraphrase,8,2,0.875,0.853515625
hardness,natural_continuation,plain,8,2,0.625,0.2617187798023224
loudness,natural_continuation,paraphrase,8,2,1.0,1.3164062798023224
loudness,natural_continuation,plain,8,2,1.0,2.3027343451976776
mass,AB,paraphrase,16,1,0.6875,0.30664063803851604
mass,AB,plain,16,1,0.75,0.19140624441206455
mass,natural_continuation,paraphrase,8,2,1.0,1.1738281548023224
mass,natural_continuation,plain,8,2,1.0,0.9531250894069672
pitch,AB,paraphrase,16,1,0.4375,0.007812494412064552
pitch,AB,plain,16,1,0.5,0.0996093675494194
pitch,natural_continuation,paraphrase,8,2,1.0,0.251953125
pitch,natural_continuation,plain,8,2,1.0,1.0527343600988388
pleasantness,AB,paraphrase,16,1,0.5625,0.0351562462747097
pleasantness,AB,plain,16,1,0.5,0.1054687574505806
pleasantness,natural_continuation,paraphrase,8,2,0.5,0.3816909193992615
pleasantness,natural_continuation,plain,8,2,0.75,1.0774932503700256
roughness,natural_continuation,paraphrase,8,2,0.5,0.9382608309388161
roughness,natural_continuation,plain,8,2,0.5,1.1940165907144547
size,AB,paraphrase,16,1,0.5,0.0390624962747097
size,AB,plain,16,1,0.6875,0.1621093787252903
size,natural_continuation,paraphrase,8,2,0.625,0.208984375
size,natural_continuation,plain,8,2,1.0,1.1093749403953552
speed,natural_continuation,paraphrase,8,2,1.0,0.6015625
speed,natural_continuation,plain,8,2,0.875,0.6796875
sweetness,natural_continuation,paraphrase,8,2,0.75,0.9441548883914948
sweetness,natural_continuation,plain,8,2,0.75,0.6701434850692749
temperature,AB,paraphrase,16,1,0.8125,0.722656263038516
temperature,AB,plain,16,1,0.75,0.40234375
temperature,natural_continuation,paraphrase,8,2,1.0,1.6425780951976776
temperature,natural_continuation,plain,8,2,0.875,0.890625
