domain,partition,quality,rank,n_rows,n_groups,rho,mae,r2,circular_mae_degrees,mean_resultant_cosine
affect,combination+entity_test+template|factorial|reordered,arousal,1,5,1.0,-0.3162277660168379,0.237255233840876,-0.6558890193225955,,
affect,combination+entity_test+template|factorial|reordered,danger,1,5,1.0,-0.9486832980505135,0.2389903417561013,-0.68603519104199,,
affect,combination+entity_test+template|factorial|reordered,pleasantness,1,5,1.0,0.8944271909999159,0.8585169820004687,-29.297315353172763,,
affect,combination+entity_test|factorial|numeric,arousal,1,5,1.0,-0.3162277660168379,0.2278498822632124,-0.2392635937189164,,
affect,combination+entity_test|factorial|numeric,danger,1,5,1.0,-0.9486832980505135,0.2299022336417848,-0.2608147605384805,,
affect,combination+entity_test|factorial|numeric,pleasantness,1,5,1.0,0.8944271909999159,0.3441015919257067,-3.887175809100774,,
affect,entity_test+template|factorial|reordered,arousal,1,22,1.0,0.3502727132145046,0.2231812200650935,-0.7920893996528418,,
affect,entity_test+template|factorial|reordered,danger,1,22,1.0,-0.0718508129670778,0.2249519385808771,-0.8278406654509565,,
affect,entity_test+template|factorial|reordered,pleasantness,1,22,1.0,0.9409439377939296,0.857985768193637,-16.00464104547839,,
affect,entity_test|factorial|numeric,arousal,1,22,1.0,0.3412913615936199,0.1787784586052741,-0.0716720714449099,,
affect,entity_test|factorial|numeric,danger,1,22,1.0,0.269440548626542,0.1797048385700818,-0.0842265330564262,,
affect,entity_test|factorial|numeric,pleasantness,1,22,1.0,0.9409439377939296,0.3381094193927633,-1.594202197382399,,
colour,combination+entity_test+template|factorial|reordered,saturation,1,10,1.0,-0.2375751896299043,0.5062530953284529,-1.1215883732367646,,
colour,combination+entity_test+template|factorial|reordered,value,1,10,1.0,-0.5971484496103001,0.5178238220943304,-1.2357995881010777,,
colour,combination+entity_test+template|factorial|reordered,hue,1,10,,,,,96.00109807263676,-0.0890367901190945
colour,combination+entity_test|factorial|numeric,saturation,1,10,1.0,-0.4045199174779453,0.4026678480404931,-0.1949859348469416,,
colour,combination+entity_test|factorial|numeric,value,1,10,1.0,-0.2311542385588258,0.4028083343947036,-0.2036640013147084,,
colour,combination+entity_test|factorial|numeric,hue,1,10,,,,,83.9999861154015,0.0888446073126825
colour,entity_test+template|factorial|reordered,saturation,1,44,1.0,0.0229458183046026,0.45257092589816,-0.8746889787616683,,
colour,entity_test+template|factorial|reordered,value,1,44,1.0,-0.2604014038216143,0.4631190964870331,-0.9792963776604376,,
colour,entity_test+template|factorial|reordered,hue,1,44,,,,,88.63709726124043,0.0202198762253698
colour,entity_test|factorial|numeric,saturation,1,44,1.0,0.0739199162972378,0.3985868985671681,-0.2539652604278326,,
colour,entity_test|factorial|numeric,value,1,44,1.0,0.0920074994559148,0.4027844597973878,-0.2825507011832109,,
colour,entity_test|factorial|numeric,hue,1,44,,,,,91.3624273437792,-0.020186248433483
extent_mass,combination+entity_test+template|factorial|reordered,mass,2,2,1.0,,0.2200677096843719,0.1166632170453283,,
extent_mass,combination+entity_test+template|factorial|reordered,size,2,2,1.0,,1.5317040681838994,-150.19463307486612,,
extent_mass,combination+entity_test|factorial|numeric,mass,2,2,1.0,,0.2439050078392029,-0.1671979204750757,,
extent_mass,combination+entity_test|factorial|numeric,size,2,2,1.0,,0.0398454964160919,0.88609639480444,,
extent_mass,entity_test+template|factorial|reordered,mass,2,7,1.0,0.6614378277661478,0.152816253049033,0.0521393776679275,,
extent_mass,entity_test+template|factorial|reordered,size,2,7,1.0,0.0,1.3572540283203127,-42.477630215959906,,
extent_mass,entity_test|factorial|numeric,mass,2,7,1.0,0.9449111825230682,0.2424874433449337,-0.7848351583748654,,
extent_mass,entity_test|factorial|numeric,size,2,7,1.0,0.9449111825230682,0.1054773884160178,0.6262201274420018,,
motion_thermal,combination+entity_test+template|factorial|reordered,speed,2,2,1.0,,0.4914198517799377,-15.151038098507795,,
motion_thermal,combination+entity_test+template|factorial|reordered,temperature,2,2,1.0,,0.3885115087032318,-2.2642359887042005,,
motion_thermal,combination+entity_test|factorial|numeric,speed,2,2,1.0,,0.070389449596405,0.6182957994149092,,
motion_thermal,combination+entity_test|factorial|numeric,temperature,2,2,1.0,,0.2273498922586441,-0.3982514105852957,,
motion_thermal,entity_test+template|factorial|reordered,speed,2,7,1.0,0.9449111825230682,0.6278986590249198,-8.824676784841895,,
motion_thermal,entity_test+template|factorial|reordered,temperature,2,7,1.0,0.6614378277661478,0.384819541658674,-4.060221088637718,,
motion_thermal,entity_test|factorial|numeric,speed,2,7,1.0,0.9449111825230682,0.0509030414479119,0.8924966532527756,,
motion_thermal,entity_test|factorial|numeric,temperature,2,7,1.0,0.9449111825230682,0.1717074726309095,-0.2568193600649273,,
shape,combination+entity_test+template|factorial|reordered,height,3,5,1.0,0.0,3.0923299789428693,-47.86499039953112,,
shape,combination+entity_test+template|factorial|reordered,length,3,5,1.0,-0.4472135954999579,0.626952695846559,-4.325240538794633,,
shape,combination+entity_test+template|factorial|reordered,width,3,5,1.0,0.7905694150420949,2.3624754905700676,-27.534809268316256,,
shape,combination+entity_test|factorial|numeric,height,3,5,1.0,0.9486832980505135,0.5130900382995603,-0.5623291546077447,,
shape,combination+entity_test|factorial|numeric,length,3,5,1.0,0.8944271909999159,1.5565453052520748,-23.335743847568143,,
shape,combination+entity_test|factorial|numeric,width,3,5,1.0,0.6324555320336759,1.3847604513168337,-8.975858413520786,,
shape,entity_test+template|factorial|reordered,height,3,22,1.0,0.4849929875277757,3.08827968077226,-59.711997099556434,,
shape,entity_test+template|factorial|reordered,length,3,22,1.0,0.1008154219064924,0.599454522132875,-1.9560887660598008,,
shape,entity_test+template|factorial|reordered,width,3,22,1.0,0.646657316703701,2.2970862496982916,-32.819430900502695,,
shape,entity_test|factorial|numeric,height,3,22,1.0,0.9430419201928972,0.500457687811418,-0.7329810592597081,,
shape,entity_test|factorial|numeric,length,3,22,1.0,0.9409439377939296,1.5516969886693084,-12.338557872547788,,
shape,entity_test|factorial|numeric,width,3,22,1.0,0.9071165137093584,1.349653791297566,-10.744251394446753,,
sound,combination+entity_test+template|factorial|reordered,loudness,1,2,1.0,,0.3075116772258342,-1.641390363595283,,
sound,combination+entity_test+template|factorial|reordered,pitch,1,2,1.0,,0.5752390286014969,-20.67045503587837,,
sound,combination+entity_test|factorial|numeric,loudness,1,2,1.0,,0.2624022507679999,-0.3648092877448947,,
sound,combination+entity_test|factorial|numeric,pitch,1,2,1.0,,0.4676264017310247,-13.57664158864188,,
sound,entity_test+template|factorial|reordered,loudness,1,7,1.0,0.7559289460184546,0.313391961124643,-2.6723678927598944,,
sound,entity_test+template|factorial|reordered,pitch,1,7,1.0,0.3779644730092273,0.7500263227409809,-12.929050727288043,,
sound,entity_test|factorial|numeric,loudness,1,7,1.0,0.4724555912615341,0.1886714736696836,-0.4726111721568915,,
sound,entity_test|factorial|numeric,pitch,1,7,1.0,0.9449111825230682,0.3645787785373141,-2.347416200727703,,
surface,combination+entity_test+template|factorial|reordered,elasticity,1,5,1.0,0.9486832980505135,1.3186563013400796,-34.448005291748196,,
surface,combination+entity_test+template|factorial|reordered,hardness,1,5,1.0,0.3162277660168379,0.2005292906607299,0.0001181470043737,,
surface,combination+entity_test+template|factorial|reordered,roughness,1,5,1.0,-0.4472135954999579,0.4144647409680351,-6.953502410250056,,
surface,combination+entity_test|factorial|numeric,elasticity,1,5,1.0,0.9486832980505135,0.1817326739512656,0.0986207946344961,,
surface,combination+entity_test|factorial|numeric,hardness,1,5,1.0,0.3162277660168379,0.2000101675757107,0.0005845150188173,,
surface,combination+entity_test|factorial|numeric,roughness,1,5,1.0,-0.4472135954999579,0.145796389675526,-0.4367139091899739,,
surface,entity_test+template|factorial|reordered,elasticity,1,22,1.0,0.9250792169511278,1.325429218135768,-43.8168641963004,,
surface,entity_test+template|factorial|reordered,hardness,1,22,1.0,0.2784219002474268,0.1600812134051898,8.922470459571397e-05,,
surface,entity_test+template|factorial|reordered,roughness,1,22,1.0,0.2352359844484823,0.4165935255516071,-3.7939342517835417,,
surface,entity_test|factorial|numeric,elasticity,1,22,1.0,0.9430419201928972,0.1821158227873942,0.0401501559745932,,
surface,entity_test|factorial|numeric,hardness,1,22,1.0,-0.0449067581044236,0.1592497509937742,-0.0001337187411591,,
surface,entity_test|factorial|numeric,roughness,1,22,1.0,0.4368668282614673,0.1810269169449791,0.0543692674477254,,
