quality,partition,readout,block,n_rows,n_groups,method,rho,mae,r2,ridge_alpha,circular_mae_degrees,mean_resultant_cosine,family,wording
size,entity_test+template|graded|paraphrase,final,20,10,2,ridge,0.2954195783503985,0.3560917198657989,-0.4717256497819648,,,,graded,paraphrase
size,entity_test|graded|numeric,final,20,10,2,ridge,0.7385489458759963,0.2793364584445953,0.0684645984358084,,,,graded,numeric
size,entity_test|graded|plain,final,20,10,2,ridge,0.9847319278346618,0.0890573441982269,0.9108665501304032,,,,graded,plain
size,entity_test+template|graded|paraphrase,,0,10,2,static_embedding,0.9354953314429288,0.2950078040361404,0.0697174789644314,1000.0,,,graded,paraphrase
size,entity_test|graded|numeric,,0,10,2,static_embedding,0.9847319278346618,0.2593902230262756,0.2801310344517234,1000.0,,,graded,numeric
size,entity_test|graded|plain,,0,10,2,static_embedding,0.9847319278346618,0.2441678375005722,0.3405914517517907,1000.0,,,graded,plain
size,entity_test+template|graded|paraphrase,,0,10,2,unigram_tfidf,0.0,0.3240873813149136,-0.1160416519471052,0.1,,,graded,paraphrase
size,entity_test|graded|numeric,,0,10,2,unigram_tfidf,0.941217068774333,0.1038968570303917,0.8948091126031305,0.1,,,graded,numeric
size,entity_test|graded|plain,,0,10,2,unigram_tfidf,0.9847319278346618,0.0896240212327619,0.8934389110091391,0.1,,,graded,plain
mass,entity_test+template|graded|paraphrase,final,16,10,2,ridge,0.9847319278346618,0.2150377452373504,0.3546395927734181,,,,graded,paraphrase
mass,entity_test|graded|numeric,final,16,10,2,ridge,0.9108770332470622,0.1277689605951309,0.8030945548414685,,,,graded,numeric
mass,entity_test|graded|plain,final,16,10,2,ridge,0.9601136296387952,0.1042982012033462,0.8756889104127147,,,,graded,plain
mass,entity_test+template|graded|paraphrase,,0,10,2,static_embedding,0.9847319278346618,0.2999869823455811,0.0574564364252723,0.1,,,graded,paraphrase
mass,entity_test|graded|numeric,,0,10,2,static_embedding,0.9847319278346618,0.0383887141942977,0.9858336949974266,0.1,,,graded,numeric
mass,entity_test|graded|plain,,0,10,2,static_embedding,0.9847319278346618,0.1108157604932785,0.8458665461707362,0.1,,,graded,plain
mass,entity_test+template|graded|paraphrase,,0,10,2,unigram_tfidf,0.0,0.3192846254412237,-0.0744588997750321,0.1,,,graded,paraphrase
mass,entity_test|graded|numeric,,0,10,2,unigram_tfidf,0.8862587350511957,0.1377822229598884,0.8020204815596759,0.1,,,graded,numeric
mass,entity_test|graded|plain,,0,10,2,unigram_tfidf,0.9108770332470622,0.1223540855600322,0.8011371810749393,0.1,,,graded,plain
temperature,entity_test+template|graded|paraphrase,final,20,10,2,ridge,0.5662208585049305,0.3574260950088501,-0.5536756419775202,,,,graded,paraphrase
temperature,entity_test|graded|numeric,final,20,10,2,ridge,0.9354953314429288,0.3141693711280823,0.0055244301404414,,,,graded,numeric
temperature,entity_test|graded|plain,final,20,10,2,ridge,0.9354953314429288,0.0916216939687728,0.9139180526189868,,,,graded,plain
temperature,entity_test+template|graded|paraphrase,,0,10,2,static_embedding,0.4185110693297313,0.3114708602428436,-0.1025810205861788,100.0,,,graded,paraphrase
temperature,entity_test|graded|numeric,,0,10,2,static_embedding,0.9847319278346618,0.1905845552682876,0.5898316542604725,100.0,,,graded,numeric
temperature,entity_test|graded|plain,,0,10,2,static_embedding,0.9601136296387952,0.1953803241252899,0.5825566200231733,100.0,,,graded,plain
temperature,entity_test+template|graded|paraphrase,,0,10,2,unigram_tfidf,0.3489113503954588,0.3134460552970358,-0.0365424343550049,0.1,,,graded,paraphrase
temperature,entity_test|graded|numeric,,0,10,2,unigram_tfidf,0.8862587350511957,0.1525366553635502,0.7973315592325484,0.1,,,graded,numeric
temperature,entity_test|graded|plain,,0,10,2,unigram_tfidf,0.9847319278346618,0.0936786207934523,0.8895296393294861,0.1,,,graded,plain
speed,entity_test+template|graded|paraphrase,entity,24,10,2,ridge,0.8862587350511957,0.1610882967710495,0.6589580876639524,,,,graded,paraphrase
speed,entity_test|graded|numeric,entity,24,10,2,ridge,0.9847319278346618,0.1954615205526352,0.5899770288219749,,,,graded,numeric
speed,entity_test|graded|plain,entity,24,10,2,ridge,0.9847319278346618,0.1170593231916427,0.8187490578439316,,,,graded,plain
speed,entity_test+template|graded|paraphrase,,0,10,2,static_embedding,0.3938927711338647,0.3068029820919037,0.0431585095749611,1000.0,,,graded,paraphrase
speed,entity_test|graded|numeric,,0,10,2,static_embedding,0.7385489458759963,0.2481215775012969,0.3862604655359675,1000.0,,,graded,numeric
speed,entity_test|graded|plain,,0,10,2,static_embedding,0.9354953314429288,0.1978422373533249,0.5840799828079646,1000.0,,,graded,plain
speed,entity_test+template|graded|paraphrase,,0,10,2,unigram_tfidf,-0.5252257314388902,0.3134813462858494,-0.0557390087713858,0.1,,,graded,paraphrase
speed,entity_test|graded|numeric,,0,10,2,unigram_tfidf,0.80760714420011,0.1332012247419497,0.7658640679448836,0.1,,,graded,numeric
speed,entity_test|graded|plain,,0,10,2,unigram_tfidf,0.9847319278346618,0.0632867657101963,0.9463728418476596,0.1,,,graded,plain
brightness,entity_test+template|graded|paraphrase,entity,16,10,2,ridge,0.8862587350511957,0.1578976452350616,0.6583445694698057,,,,graded,paraphrase
brightness,entity_test|graded|numeric,entity,16,10,2,ridge,0.9847319278346618,0.0993465334177017,0.8773259105932745,,,,graded,numeric
brightness,entity_test|graded|plain,entity,16,10,2,ridge,0.9847319278346618,0.0925675421953201,0.9023834092103704,,,,graded,plain
brightness,entity_test+template|graded|paraphrase,,0,10,2,static_embedding,0.4185110693297313,0.313439667224884,-0.0192021795616839,100.0,,,graded,paraphrase
brightness,entity_test|graded|numeric,,0,10,2,static_embedding,0.9847319278346618,0.0275141894817352,0.9905047976182344,100.0,,,graded,numeric
brightness,entity_test|graded|plain,,0,10,2,static_embedding,0.8370221386594626,0.1143134713172912,0.7953105131224888,100.0,,,graded,plain
brightness,entity_test+template|graded|paraphrase,,0,10,2,unigram_tfidf,0.0,0.3041505220490683,-0.0034536892389285,0.1,,,graded,paraphrase
brightness,entity_test|graded|numeric,,0,10,2,unigram_tfidf,0.8862587350511957,0.0871606933852126,0.9217890699607728,0.1,,,graded,numeric
brightness,entity_test|graded|plain,,0,10,2,unigram_tfidf,0.7877855422677295,0.1186577236153116,0.7788604862296451,0.1,,,graded,plain
loudness,entity_test+template|graded|paraphrase,final,20,10,2,ridge,0.9108770332470622,0.2211803615093231,0.4751870211441045,,,,graded,paraphrase
loudness,entity_test|graded|numeric,final,20,10,2,ridge,0.9847319278346618,0.1548379153013229,0.7410861690092311,,,,graded,numeric
loudness,entity_test|graded|plain,final,20,10,2,ridge,0.9847319278346618,0.1130944848060608,0.8691052409658653,,,,graded,plain
loudness,entity_test+template|graded|paraphrase,,0,10,2,static_embedding,-0.0984731927834661,0.3097126603126526,-0.0768088261575954,1000.0,,,graded,paraphrase
loudness,entity_test|graded|numeric,,0,10,2,static_embedding,0.7385489458759963,0.2781022310256958,0.1887832825116007,1000.0,,,graded,numeric
loudness,entity_test|graded|plain,,0,10,2,static_embedding,0.9601136296387952,0.2048143476247787,0.5482433644088424,1000.0,,,graded,plain
loudness,entity_test+template|graded|paraphrase,,0,10,2,unigram_tfidf,0.0,0.3096130512272222,-0.0139556226926722,0.1,,,graded,paraphrase
loudness,entity_test|graded|numeric,,0,10,2,unigram_tfidf,0.9847319278346618,0.0591510256436893,0.9654492149537268,0.1,,,graded,numeric
loudness,entity_test|graded|plain,,0,10,2,unigram_tfidf,0.9847319278346618,0.062244009633365,0.959359510340548,0.1,,,graded,plain
pitch,entity_test+template|graded|paraphrase,entity,16,10,2,ridge,0.3200378765462651,0.3117819786071777,-0.1632435439996697,,,,graded,paraphrase
pitch,entity_test|graded|numeric,entity,16,10,2,ridge,0.8616404368553291,0.2482459276914596,0.3442293104027705,,,,graded,numeric
pitch,entity_test|graded|plain,entity,16,10,2,ridge,0.9354953314429288,0.1573424816131591,0.7094469742388341,,,,graded,plain
pitch,entity_test+template|graded|paraphrase,,0,10,2,static_embedding,-0.049236596391733,0.3503451779484748,-0.5260655825511202,100.0,,,graded,paraphrase
pitch,entity_test|graded|numeric,,0,10,2,static_embedding,0.9847319278346618,0.1212576001882553,0.8177198318882667,100.0,,,graded,numeric
pitch,entity_test|graded|plain,,0,10,2,static_embedding,0.8370221386594626,0.1743075847625732,0.6560579674443445,100.0,,,graded,plain
pitch,entity_test+template|graded|paraphrase,,0,10,2,unigram_tfidf,0.2626128657194451,0.3002086449016014,7.981713092708453e-05,0.1,,,graded,paraphrase
pitch,entity_test|graded|numeric,,0,10,2,unigram_tfidf,0.9847319278346618,0.0691373954686996,0.9494149860277372,0.1,,,graded,numeric
pitch,entity_test|graded|plain,,0,10,2,unigram_tfidf,0.7877855422677295,0.1047775088095175,0.8902840872043087,0.1,,,graded,plain
roughness,entity_test+template|graded|paraphrase,entity,24,10,2,ridge,0.8616404368553291,0.2428806334733963,0.2942356206925431,,,,graded,paraphrase
roughness,entity_test|graded|plain,entity,24,10,2,ridge,0.9847319278346618,0.0859312534332275,0.9114602435871176,,,,graded,plain
roughness,entity_test+template|graded|paraphrase,,0,10,2,static_embedding,0.7385489458759963,0.2169765412807464,0.4480412551529837,10.0,,,graded,paraphrase
roughness,entity_test|graded|plain,,0,10,2,static_embedding,0.9354953314429288,0.1280539542436599,0.8186176328411712,10.0,,,graded,plain
roughness,entity_test+template|graded|paraphrase,,0,10,2,unigram_tfidf,0.7476671794188402,0.2061559820585661,0.4548326885135026,0.1,,,graded,paraphrase
roughness,entity_test|graded|plain,,0,10,2,unigram_tfidf,0.9847319278346618,0.0592601659506779,0.9562053469900028,0.1,,,graded,plain
hardness,entity_test+template|graded|paraphrase,entity,16,10,2,ridge,0.1477097891751992,0.4245008140802383,-1.3733340094152275,,,,graded,paraphrase
hardness,entity_test|graded|plain,entity,16,10,2,ridge,0.9354953314429288,0.1158353120088577,0.8225876795651935,,,,graded,plain
hardness,entity_test+template|graded|paraphrase,,0,10,2,static_embedding,0.3446561747421316,0.2989703893661499,-0.0129727007172277,10.0,,,graded,paraphrase
hardness,entity_test|graded|plain,,0,10,2,static_embedding,0.8370221386594626,0.1409700930118561,0.7605024838011374,10.0,,,graded,plain
hardness,entity_test+template|graded|paraphrase,,0,10,2,unigram_tfidf,,0.3,0.0,0.1,,,graded,paraphrase
hardness,entity_test|graded|plain,,0,10,2,unigram_tfidf,0.7901836773196717,0.1064702631004002,0.8764415408107313,0.1,,,graded,plain
elasticity,entity_test+template|graded|paraphrase,final,20,10,2,ridge,0.8124038404635959,0.2331582605838775,0.51568455818405,,,,graded,paraphrase
elasticity,entity_test|graded|numeric,final,20,10,2,ridge,0.9847319278346618,0.2101123690605163,0.6058483698741369,,,,graded,numeric
elasticity,entity_test|graded|plain,final,20,10,2,ridge,0.9354953314429288,0.3635906130075454,-0.1829615556555999,,,,graded,plain
elasticity,entity_test+template|graded|paraphrase,,0,10,2,static_embedding,0.5662208585049305,0.3128621429204941,-0.0767300181817638,1000.0,,,graded,paraphrase
elasticity,entity_test|graded|numeric,,0,10,2,static_embedding,0.9354953314429288,0.2392958700656891,0.3925830185093446,1000.0,,,graded,numeric
elasticity,entity_test|graded|plain,,0,10,2,static_embedding,0.9601136296387952,0.178304260969162,0.6620691343139257,1000.0,,,graded,plain
elasticity,entity_test+template|graded|paraphrase,,0,10,2,unigram_tfidf,0.0,0.3221808434164103,-0.0984742244655909,0.1,,,graded,paraphrase
elasticity,entity_test|graded|numeric,,0,10,2,unigram_tfidf,0.8862587350511957,0.1491753793172974,0.7945647644323521,0.1,,,graded,numeric
elasticity,entity_test|graded|plain,,0,10,2,unigram_tfidf,0.9847319278346618,0.0682256565894608,0.94051324207718,0.1,,,graded,plain
sweetness,entity_test+template|graded|paraphrase,entity,24,10,2,ridge,0.7139306476801298,0.3280859857797623,-0.0836715779107244,,,,graded,paraphrase
sweetness,entity_test|graded|plain,entity,24,10,2,ridge,0.9601136296387952,0.1073160052299499,0.8719452504895557,,,,graded,plain
sweetness,entity_test+template|graded|paraphrase,,0,10,2,static_embedding,0.7631672440718629,0.2895125329494476,0.0777031719368892,100.0,,,graded,paraphrase
sweetness,entity_test|graded|plain,,0,10,2,static_embedding,0.9847319278346618,0.104699820280075,0.8345997402518222,100.0,,,graded,plain
sweetness,entity_test+template|graded|paraphrase,,0,10,2,unigram_tfidf,0.0,0.30315038546184,-0.0020524673310367,0.1,,,graded,paraphrase
sweetness,entity_test|graded|plain,,0,10,2,unigram_tfidf,0.9601136296387952,0.0929274498530521,0.8901707455022206,0.1,,,graded,plain
pleasantness,entity_test+template|graded|paraphrase,entity,16,10,2,ridge,0.9847319278346618,0.2121956676244735,0.534626099782718,,,,graded,paraphrase
pleasantness,entity_test|graded|plain,entity,16,10,2,ridge,0.9847319278346618,0.0836935132741928,0.9195647340989233,,,,graded,plain
pleasantness,entity_test+template|graded|paraphrase,,0,10,2,static_embedding,0.7631672440718629,0.2819384664297104,0.1112788420929937,1000.0,,,graded,paraphrase
pleasantness,entity_test|graded|plain,,0,10,2,static_embedding,0.8862587350511957,0.2023285537958145,0.4921170233324268,1000.0,,,graded,plain
pleasantness,entity_test+template|graded|paraphrase,,0,10,2,unigram_tfidf,,0.3,2.220446049250313e-16,0.1,,,graded,paraphrase
pleasantness,entity_test|graded|plain,,0,10,2,unigram_tfidf,0.7901836773196717,0.1066213681256878,0.8842159799965107,0.1,,,graded,plain
arousal,entity_test+template|graded|paraphrase,final,20,10,2,ridge,0.7877855422677295,0.999549400806427,-7.486311498963881,,,,graded,paraphrase
arousal,entity_test|graded|plain,final,20,10,2,ridge,0.9847319278346618,0.0568463265895843,0.962811746332821,,,,graded,plain
arousal,entity_test+template|graded|paraphrase,,0,10,2,static_embedding,0.3446561747421316,0.2777940958738327,0.0310643163684396,100.0,,,graded,paraphrase
arousal,entity_test|graded|plain,,0,10,2,static_embedding,0.9354953314429288,0.1328493267297744,0.7899478064442456,100.0,,,graded,plain
arousal,entity_test+template|graded|paraphrase,,0,10,2,unigram_tfidf,0.0,0.3115354867153946,-0.0062224789655949,0.1,,,graded,paraphrase
arousal,entity_test|graded|plain,,0,10,2,unigram_tfidf,0.9847319278346618,0.0729586615515109,0.9402253733236532,0.1,,,graded,plain
danger,entity_test+template|graded|paraphrase,final,20,10,2,ridge,0.9354953314429288,0.2009368449449539,0.545065593322068,,,,graded,paraphrase
danger,entity_test|graded|plain,final,20,10,2,ridge,0.9354953314429288,0.1110883057117462,0.8837633783085636,,,,graded,plain
danger,entity_test+template|graded|paraphrase,,0,10,2,static_embedding,0.1477097891751992,0.2988825857639313,0.0548460111727109,1000.0,,,graded,paraphrase
danger,entity_test|graded|plain,,0,10,2,static_embedding,0.9847319278346618,0.1758228629827499,0.6760915424429961,1000.0,,,graded,plain
danger,entity_test+template|graded|paraphrase,,0,10,2,unigram_tfidf,0.0,0.3066459367438462,-0.0089160689743514,0.1,,,graded,paraphrase
danger,entity_test|graded|plain,,0,10,2,unigram_tfidf,0.9847319278346618,0.0663313391446131,0.9593523223635028,0.1,,,graded,plain
