quality,method,n,n_groups,mae,range_normalized_mae
brightness,numeric_literal,11,1,16.440267486416726,0.0016441911677584486
brightness,physical_ridge,11,1,4343.460177385539,0.43438945668422235
elasticity,numeric_literal,9,1,0.17788079583338184,0.0017788079583338184
elasticity,physical_ridge,9,1,37.11395517985026,0.37113955179850255
loudness,numeric_literal,9,1,0.05097724300466587,0.0006372155375583234
loudness,physical_ridge,9,1,12.542955186631945,0.1567869398328993
mass,numeric_literal,22,1,2104.578652686696,0.21047891315998557
mass,physical_ridge,22,1,6477.6991354563215,0.6478346970153336
pitch,numeric_literal,22,1,377.604318627122,0.22885110219825577
pitch,physical_ridge,22,1,758.7262083528054,0.45983406566836693
size,numeric_literal,22,1,27.119431956463494,0.1820096104460637
size,physical_ridge,22,1,46.56918704612749,0.3125448795042113
speed,numeric_literal,18,1,64.8526221440439,0.6485262214404391
speed,physical_ridge,18,1,24.22995408376058,0.2422995408376058
temperature,numeric_literal,22,1,31.21518074004504,0.390189759250563
temperature,physical_ridge,22,1,25.469631151719526,0.31837038939649404
