quality,method,value_role,n,n_groups,mae,range_normalized_mae
brightness,numeric_literal,extrapolation,2,1,52.52900460502989,0.005253425803083298
brightness,numeric_literal,interpolation,4,1,6.026299730314972,0.0006026902420557028
brightness,numeric_literal,seen_value,5,1,10.335946843852867,0.0010336980541907057
brightness,physical_ridge,extrapolation,2,1,16086.831582404062,1.6088440426446706
brightness,physical_ridge,interpolation,4,1,2197.3930315691405,0.21976127928484257
brightness,physical_ridge,seen_value,5,1,1362.96533203125,0.13631016421954695
elasticity,numeric_literal,interpolation,4,1,0.17788079583338323,0.0017788079583338323
elasticity,numeric_literal,seen_value,5,1,0.17788079583338073,0.0017788079583338074
elasticity,physical_ridge,interpolation,4,1,48.26335906982422,0.4826335906982422
elasticity,physical_ridge,seen_value,5,1,28.194432067871094,0.28194432067871095
loudness,numeric_literal,interpolation,4,1,0.0458415621788415,0.0005730195272355187
loudness,numeric_literal,seen_value,5,1,0.05508578766532537,0.0006885723458165671
loudness,physical_ridge,interpolation,4,1,11.641054153442383,0.14551317691802979
loudness,physical_ridge,seen_value,5,1,13.264476013183593,0.1658059501647949
mass,numeric_literal,extrapolation,4,1,7917.515209486543,0.7918307040190562
mass,numeric_literal,interpolation,8,1,438.81296219211123,0.04388568478768989
mass,numeric_literal,seen_value,10,1,1112.0165823624243,0.11121277951419384
mass,physical_ridge,extrapolation,4,1,16200.539134765624,1.6202159350700693
mass,physical_ridge,interpolation,8,1,1216.2637728955078,0.12163854114366515
mass,physical_ridge,seen_value,10,1,6797.71142578125,0.679839126490774
pitch,numeric_literal,extrapolation,4,1,641.9670522184757,0.38907094073847015
pitch,numeric_literal,interpolation,8,1,291.40813831981353,0.1766109929210991
pitch,numeric_literal,seen_value,10,1,340.81616943642734,0.20655525420389537
pitch,physical_ridge,extrapolation,4,1,1202.1903802226561,0.7286002304379734
pitch,physical_ridge,interpolation,8,1,720.0687148291015,0.436405281714607
pitch,physical_ridge,seen_value,10,1,612.2665344238281,0.3710706269235322
size,numeric_literal,extrapolation,4,1,69.70016458763979,0.467786339514361
size,numeric_literal,interpolation,14,1,12.01338492861906,0.08062674448737624
size,numeric_literal,seen_value,4,1,37.409863922742716,0.2510729122331726
size,physical_ridge,extrapolation,4,1,118.89783045663086,0.7979720164874555
size,physical_ridge,interpolation,14,1,15.305319881316267,0.10272026765984073
size,physical_ridge,seen_value,4,1,83.66407871246338,0.5615038839762643
speed,numeric_literal,interpolation,14,1,64.84682575313204,0.6484682575313203
speed,numeric_literal,seen_value,4,1,64.87290951223547,0.6487290951223547
speed,physical_ridge,interpolation,14,1,20.5338682447161,0.205338682447161
speed,physical_ridge,seen_value,4,1,37.16625452041626,0.3716625452041626
temperature,numeric_literal,extrapolation,4,1,31.585850507420336,0.3948231313427542
temperature,numeric_literal,interpolation,8,1,35.73824878847377,0.44672810985592204
temperature,numeric_literal,seen_value,10,1,27.44845839435194,0.34310572992939925
temperature,physical_ridge,extrapolation,4,1,47.17774772644043,0.5897218465805053
temperature,physical_ridge,interpolation,8,1,21.888346195220947,0.27360432744026186
temperature,physical_ridge,seen_value,10,1,19.65141248703003,0.24564265608787536
