quality,measured_quality,kind,template_id,n_pairs,n_groups,mean_delta,mean_absolute_delta,fraction_positive
arousal,arousal,adjacent_increase,paraphrase,8,2,0.11741679906845093,0.24887353181838986,0.75
arousal,arousal,adjacent_increase,plain,8,2,0.21854711323976514,0.21854711323976514,1.0
arousal,arousal,binding_increase,paraphrase,4,1,0.428083598613739,0.428083598613739,1.0
arousal,arousal,binding_increase,plain,4,1,0.8941399604082108,0.8941399604082108,1.0
arousal,arousal,clause_order_invariant,paraphrase,4,1,-0.11733925342559809,0.1186916828155517,0.25
arousal,arousal,clause_order_invariant,plain,4,1,-0.08019960671663282,0.12349695712327952,0.5
arousal,arousal,distractor_direction_invariant,paraphrase,2,2,0.011603057384490948,0.03047972917556755,0.5
arousal,arousal,distractor_direction_invariant,plain,2,2,0.0624926686286926,0.0624926686286926,1.0
arousal,arousal,distractor_high_invariant,paraphrase,2,2,-0.24590080976486203,0.24590080976486203,0.0
arousal,arousal,distractor_high_invariant,plain,2,2,0.07045179605484005,0.07045179605484005,1.0
arousal,arousal,distractor_low_invariant,paraphrase,2,2,-0.25750386714935297,0.25750386714935297,0.0
arousal,arousal,distractor_low_invariant,plain,2,2,0.00795912742614745,0.01013505458831785,0.5
arousal,arousal,factorial_one_axis_increase,numeric,18,1,0.04340539375940953,0.04340539375940953,1.0
arousal,arousal,factorial_one_axis_increase,reordered,18,1,0.0024033652411566777,0.03100816739930042,0.6111111111111112
arousal,arousal,full_range_increase,paraphrase,2,2,0.4696671962738037,0.4696671962738037,1.0
arousal,arousal,full_range_increase,plain,2,2,0.8741884529590607,0.8741884529590607,1.0
arousal,arousal,irrelevant_invariant,paraphrase,2,2,-0.4450375139713287,0.4450375139713287,0.0
arousal,arousal,irrelevant_invariant,plain,2,2,0.0365260243415832,0.0365260243415832,1.0
arousal,danger,factorial_one_axis_increase,numeric,18,1,-0.011072481671969066,0.022186936603652067,0.16666666666666666
arousal,danger,factorial_one_axis_increase,reordered,18,1,0.006905666655964323,0.016889779104126777,0.6111111111111112
arousal,pleasantness,factorial_one_axis_increase,numeric,18,1,-0.0029149353504180943,0.015174590879016394,0.5
arousal,pleasantness,factorial_one_axis_increase,reordered,18,1,-0.0014864140086703788,0.025603840748469,0.5
brightness,brightness,adjacent_increase,numeric,8,2,0.1696258224546909,0.1696258224546909,1.0
brightness,brightness,adjacent_increase,paraphrase,8,2,0.14047277346253392,0.15688984468579287,0.75
brightness,brightness,adjacent_increase,plain,8,2,0.18850779160857198,0.18850779160857198,1.0
brightness,brightness,binding_increase,paraphrase,4,1,1.259287029504776,1.259287029504776,1.0
brightness,brightness,binding_increase,plain,4,1,1.1487907767295837,1.1487907767295837,1.0
brightness,brightness,clause_order_invariant,paraphrase,4,1,0.10868594050407411,0.292455643415451,0.5
brightness,brightness,clause_order_invariant,plain,4,1,-0.005980551242828376,0.049219965934753376,0.5
brightness,brightness,distractor_direction_invariant,paraphrase,2,2,-0.15800353884696955,0.15800353884696955,0.0
brightness,brightness,distractor_direction_invariant,plain,2,2,0.0167028903961182,0.0351922214031219,0.5
brightness,brightness,distractor_high_invariant,paraphrase,2,2,-0.2676518112421036,0.2676518112421036,0.0
brightness,brightness,distractor_high_invariant,plain,2,2,-0.0337294042110443,0.07753324508666991,0.5
brightness,brightness,distractor_low_invariant,paraphrase,2,2,-0.10964827239513394,0.10964827239513394,0.0
brightness,brightness,distractor_low_invariant,plain,2,2,-0.05043229460716245,0.05043229460716245,0.0
brightness,brightness,full_range_increase,numeric,2,2,0.6785033047199249,0.6785033047199249,1.0
brightness,brightness,full_range_increase,paraphrase,2,2,0.5618910789489746,0.5618910789489746,1.0
brightness,brightness,full_range_increase,plain,2,2,0.7540311813354492,0.7540311813354492,1.0
brightness,brightness,irrelevant_invariant,paraphrase,2,2,0.03693807125091555,0.050163626670837354,0.5
brightness,brightness,irrelevant_invariant,plain,2,2,0.009328648447990402,0.0322557538747787,0.5
danger,arousal,factorial_one_axis_increase,numeric,18,1,-0.006806847121980444,0.0157555242379506,0.3333333333333333
danger,arousal,factorial_one_axis_increase,reordered,18,1,0.028588773475752918,0.03437147372298766,0.6666666666666666
danger,danger,adjacent_increase,paraphrase,8,2,0.08723660558462142,0.10152485966682431,0.875
danger,danger,adjacent_increase,plain,8,2,0.2364789098501205,0.2364789098501205,1.0
danger,danger,binding_increase,paraphrase,4,1,0.3561454489827156,0.3561454489827156,1.0
danger,danger,binding_increase,plain,4,1,1.0353641510009766,1.0353641510009766,1.0
danger,danger,clause_order_invariant,paraphrase,4,1,0.03828928619623182,0.12284532934427256,0.75
danger,danger,clause_order_invariant,plain,4,1,-0.11692450940608975,0.11692450940608975,0.0
danger,danger,distractor_direction_invariant,paraphrase,2,2,0.13144022226333615,0.13144022226333615,1.0
danger,danger,distractor_direction_invariant,plain,2,2,0.01059667766094205,0.013611808419227552,0.5
danger,danger,distractor_high_invariant,paraphrase,2,2,-0.00136817991733545,0.00136817991733545,0.0
danger,danger,distractor_high_invariant,plain,2,2,0.008834153413772555,0.11291405558586115,0.5
danger,danger,distractor_low_invariant,paraphrase,2,2,-0.13280840218067164,0.13280840218067164,0.0
danger,danger,distractor_low_invariant,plain,2,2,-0.0017625242471695016,0.0993022471666336,0.5
danger,danger,factorial_one_axis_increase,numeric,18,1,0.048897624015808064,0.048897624015808064,1.0
danger,danger,factorial_one_axis_increase,reordered,18,1,0.00502925283379024,0.016875199145740885,0.6111111111111112
danger,danger,full_range_increase,paraphrase,2,2,0.3489464223384857,0.3489464223384857,1.0
danger,danger,full_range_increase,plain,2,2,0.9459156394004822,0.9459156394004822,1.0
danger,danger,irrelevant_invariant,paraphrase,2,2,-0.031076386570930453,0.03485496342182155,0.5
danger,danger,irrelevant_invariant,plain,2,2,0.14931382238864893,0.14931382238864893,1.0
danger,pleasantness,factorial_one_axis_increase,numeric,18,1,-0.005464009112781916,0.014960846967167271,0.3333333333333333
danger,pleasantness,factorial_one_axis_increase,reordered,18,1,-0.0006915662023756273,0.026163753536012385,0.5
elasticity,elasticity,adjacent_increase,numeric,8,2,0.22249837964773173,0.22249837964773173,1.0
elasticity,elasticity,adjacent_increase,paraphrase,8,2,0.11288258433341979,0.15635874867439267,0.75
elasticity,elasticity,adjacent_increase,plain,8,2,0.27162185683846474,0.27162185683846474,1.0
elasticity,elasticity,binding_increase,paraphrase,4,1,0.2521912530064583,0.2521912530064583,1.0
elasticity,elasticity,binding_increase,plain,4,1,1.0442771464586258,1.0442771464586258,1.0
elasticity,elasticity,clause_order_invariant,paraphrase,4,1,0.03004033118486403,0.14978941529989237,0.5
elasticity,elasticity,clause_order_invariant,plain,4,1,-0.2993810623884201,0.2993810623884201,0.0
elasticity,elasticity,distractor_direction_invariant,paraphrase,2,2,-0.04821357131004325,0.04821357131004325,0.0
elasticity,elasticity,distractor_direction_invariant,plain,2,2,-0.0419269651174545,0.0669717043638229,0.5
elasticity,elasticity,distractor_high_invariant,paraphrase,2,2,-0.0342749655246734,0.0342749655246734,0.0
elasticity,elasticity,distractor_high_invariant,plain,2,2,-0.05535875260829925,0.05535875260829925,0.0
elasticity,elasticity,distractor_low_invariant,paraphrase,2,2,0.013938605785369849,0.013938605785369849,1.0
elasticity,elasticity,distractor_low_invariant,plain,2,2,-0.013431787490844754,0.08951827883720395,0.5
elasticity,elasticity,factorial_one_axis_increase,numeric,18,1,0.23221057984564034,0.23221057984564034,1.0
elasticity,elasticity,factorial_one_axis_increase,reordered,18,1,0.08746843702263299,0.08746843702263299,1.0
elasticity,elasticity,full_range_increase,numeric,2,2,0.8899934887886047,0.8899934887886047,1.0
elasticity,elasticity,full_range_increase,paraphrase,2,2,0.45153033733367914,0.45153033733367914,1.0
elasticity,elasticity,full_range_increase,plain,2,2,1.0864874124526978,1.0864874124526978,1.0
elasticity,elasticity,irrelevant_invariant,paraphrase,2,2,0.2795309722423553,0.2795309722423553,1.0
elasticity,elasticity,irrelevant_invariant,plain,2,2,-0.0763522386550903,0.0763522386550903,0.0
elasticity,hardness,factorial_one_axis_increase,numeric,18,1,0.0029459181759092443,0.006804414921336655,0.6666666666666666
elasticity,hardness,factorial_one_axis_increase,reordered,18,1,-0.00528665052519905,0.023374415106243506,0.5
elasticity,roughness,factorial_one_axis_increase,numeric,18,1,-0.005839265055126606,0.01999388469590076,0.4444444444444444
elasticity,roughness,factorial_one_axis_increase,reordered,18,1,-0.003161801232231972,0.0055075155364141945,0.4444444444444444
hardness,elasticity,factorial_one_axis_increase,numeric,18,1,-0.0015504575437969722,0.010737285017967172,0.5555555555555556
hardness,elasticity,factorial_one_axis_increase,reordered,18,1,0.01836157176229684,0.021405782964494437,0.8888888888888888
hardness,hardness,adjacent_increase,paraphrase,8,2,0.009998485445976257,0.1974130868911743,0.375
hardness,hardness,adjacent_increase,plain,8,2,0.15366369113326067,0.15366369113326067,1.0
hardness,hardness,binding_increase,paraphrase,4,1,0.24652814865112305,0.334879845380783,0.75
hardness,hardness,binding_increase,plain,4,1,1.0091665089130402,1.0091665089130402,1.0
hardness,hardness,clause_order_invariant,paraphrase,4,1,0.04524919390678407,0.1957422494888305,0.25
hardness,hardness,clause_order_invariant,plain,4,1,0.09984011203050615,0.14472792297601694,0.5
hardness,hardness,distractor_direction_invariant,paraphrase,2,2,-0.04840104281902305,0.04840104281902305,0.0
hardness,hardness,distractor_direction_invariant,plain,2,2,0.0393351167440414,0.0393351167440414,1.0
hardness,hardness,distractor_high_invariant,paraphrase,2,2,-0.0251225084066391,0.049617126584053,0.5
hardness,hardness,distractor_high_invariant,plain,2,2,-0.0190744251012802,0.0419744104146957,0.5
hardness,hardness,distractor_low_invariant,paraphrase,2,2,0.02327853441238405,0.07169649004936215,0.5
hardness,hardness,distractor_low_invariant,plain,2,2,-0.0584095418453216,0.0584095418453216,0.0
hardness,hardness,factorial_one_axis_increase,numeric,18,1,0.02302768660916217,0.02302768660916217,1.0
hardness,hardness,factorial_one_axis_increase,reordered,18,1,0.012829002406862015,0.014105859729978727,0.7777777777777778
hardness,hardness,full_range_increase,paraphrase,2,2,0.0399939268827438,0.0399939268827438,1.0
hardness,hardness,full_range_increase,plain,2,2,0.6146547794342041,0.6146547794342041,1.0
hardness,hardness,irrelevant_invariant,paraphrase,2,2,-0.0469844341278076,0.0490874648094177,0.5
hardness,hardness,irrelevant_invariant,plain,2,2,0.013197720050811799,0.0256462693214416,0.5
hardness,roughness,factorial_one_axis_increase,numeric,18,1,0.008501021398438311,0.01124236153231721,0.7222222222222222
hardness,roughness,factorial_one_axis_increase,reordered,18,1,0.015421128935284032,0.015421128935284032,1.0
height,height,factorial_one_axis_increase,numeric,18,1,0.4405776494079166,0.4405776494079166,1.0
height,height,factorial_one_axis_increase,reordered,18,1,0.03768514262305365,0.05232793755001488,0.5555555555555556
height,length,factorial_one_axis_increase,numeric,18,1,-0.0022006432215372672,0.049922297398249264,0.3888888888888889
height,length,factorial_one_axis_increase,reordered,18,1,0.1720626354217529,0.1720626354217529,1.0
height,width,factorial_one_axis_increase,numeric,18,1,0.04201620154910615,0.06724997361501055,0.7777777777777778
height,width,factorial_one_axis_increase,reordered,18,1,0.021751541230413667,0.1297233253717422,0.3333333333333333
length,height,factorial_one_axis_increase,numeric,18,1,0.0002773652474085386,0.04354942341645554,0.5555555555555556
length,height,factorial_one_axis_increase,reordered,18,1,0.39473764101664227,0.39473764101664227,1.0
length,length,factorial_one_axis_increase,numeric,18,1,0.35506730940606857,0.35506730940606857,1.0
length,length,factorial_one_axis_increase,reordered,18,1,0.0035744905471801433,0.06738883919186058,0.7222222222222222
length,width,factorial_one_axis_increase,numeric,18,1,-0.011991063753763838,0.08099418216281463,0.5
length,width,factorial_one_axis_increase,reordered,18,1,-0.0058709515465630285,0.10625349150763613,0.3333333333333333
loudness,loudness,adjacent_increase,numeric,8,2,0.1315278559923172,0.1315278559923172,1.0
loudness,loudness,adjacent_increase,paraphrase,8,2,0.08431245014071462,0.08893344923853869,0.875
loudness,loudness,adjacent_increase,plain,8,2,0.22523649036884302,0.22523649036884302,1.0
loudness,loudness,binding_increase,paraphrase,4,1,0.5108369588851929,0.5108369588851929,1.0
loudness,loudness,binding_increase,plain,4,1,0.8031058460474014,0.8031058460474014,1.0
loudness,loudness,clause_order_invariant,paraphrase,4,1,-0.03994213044643406,0.1729936301708221,0.5
loudness,loudness,clause_order_invariant,plain,4,1,0.12714501470327377,0.16162755340337753,0.75
loudness,loudness,distractor_direction_invariant,paraphrase,2,2,-0.00778348743915555,0.02032734453678125,0.5
loudness,loudness,distractor_direction_invariant,plain,2,2,-0.053480327129364,0.053480327129364,0.0
loudness,loudness,distractor_high_invariant,paraphrase,2,2,0.053057283163070595,0.053057283163070595,1.0
loudness,loudness,distractor_high_invariant,plain,2,2,-0.19845002889633173,0.19845002889633173,0.0
loudness,loudness,distractor_low_invariant,paraphrase,2,2,0.0608407706022262,0.0608407706022262,1.0
loudness,loudness,distractor_low_invariant,plain,2,2,-0.14496970176696775,0.14496970176696775,0.0
loudness,loudness,factorial_one_axis_increase,numeric,6,1,0.07288036247094469,0.07288036247094469,1.0
loudness,loudness,factorial_one_axis_increase,reordered,6,1,0.025291244188944448,0.025291244188944448,1.0
loudness,loudness,full_range_increase,numeric,2,2,0.5261114239692688,0.5261114239692688,1.0
loudness,loudness,full_range_increase,paraphrase,2,2,0.3372498005628586,0.3372498005628586,1.0
loudness,loudness,full_range_increase,plain,2,2,0.9009459614753723,0.9009459614753723,1.0
loudness,loudness,irrelevant_invariant,paraphrase,2,2,-0.10540166497230524,0.10540166497230524,0.0
loudness,loudness,irrelevant_invariant,plain,2,2,-0.15782718360424036,0.15782718360424036,0.0
loudness,pitch,factorial_one_axis_increase,numeric,6,1,0.018094976743062284,0.018094976743062284,1.0
loudness,pitch,factorial_one_axis_increase,reordered,6,1,0.024590695897738102,0.024590695897738102,1.0
mass,mass,adjacent_increase,numeric,8,2,0.17949378117918965,0.17949378117918965,1.0
mass,mass,adjacent_increase,paraphrase,8,2,0.10025823488831516,0.10025823488831516,1.0
mass,mass,adjacent_increase,plain,8,2,0.18685379624366755,0.18685379624366755,1.0
mass,mass,binding_increase,paraphrase,4,1,0.8629941493272781,0.8629941493272781,1.0
mass,mass,binding_increase,plain,4,1,0.7470585256814957,0.7470585256814957,1.0
mass,mass,clause_order_invariant,paraphrase,4,1,-0.17350591719150543,0.17350591719150543,0.0
mass,mass,clause_order_invariant,plain,4,1,-0.07564775645732881,0.1479615420103073,0.5
mass,mass,distractor_direction_invariant,paraphrase,2,2,-0.08876326680183405,0.08876326680183405,0.0
mass,mass,distractor_direction_invariant,plain,2,2,0.07191531360149381,0.07191531360149381,1.0
mass,mass,distractor_high_invariant,paraphrase,2,2,-0.2679368257522583,0.2679368257522583,0.0
mass,mass,distractor_high_invariant,plain,2,2,0.0336820632219314,0.0336820632219314,1.0
mass,mass,distractor_low_invariant,paraphrase,2,2,-0.17917355895042414,0.17917355895042414,0.0
mass,mass,distractor_low_invariant,plain,2,2,-0.0382332503795623,0.0382332503795623,0.0
mass,mass,factorial_one_axis_increase,numeric,6,1,0.15293697516123447,0.15293697516123447,1.0
mass,mass,factorial_one_axis_increase,reordered,6,1,0.039466475447018895,0.039466475447018895,1.0
mass,mass,full_range_increase,numeric,2,2,0.7179751098155975,0.7179751098155975,1.0
mass,mass,full_range_increase,paraphrase,2,2,0.40103293955326075,0.40103293955326075,1.0
mass,mass,full_range_increase,plain,2,2,0.7474151849746704,0.7474151849746704,1.0
mass,mass,irrelevant_invariant,paraphrase,2,2,0.019255340099334755,0.06571042537689205,0.5
mass,mass,irrelevant_invariant,plain,2,2,0.057856261730193995,0.057856261730193995,1.0
mass,size,factorial_one_axis_increase,numeric,6,1,0.03781322638193765,0.04660469293594355,0.6666666666666666
mass,size,factorial_one_axis_increase,reordered,6,1,0.0019727274775505005,0.018681926031907332,0.5
pitch,loudness,factorial_one_axis_increase,numeric,6,1,0.0030033489068349317,0.06925523281097407,0.5
pitch,loudness,factorial_one_axis_increase,reordered,6,1,0.015356282393137632,0.027836183706919298,0.5
pitch,pitch,adjacent_increase,numeric,8,2,0.07691112905740732,0.07691112905740732,1.0
pitch,pitch,adjacent_increase,paraphrase,8,2,0.010073274374008163,0.029799535870552014,0.625
pitch,pitch,adjacent_increase,plain,8,2,0.11689519509673114,0.11689519509673114,1.0
pitch,pitch,binding_increase,paraphrase,4,1,0.32513695210218424,0.32513695210218424,1.0
pitch,pitch,binding_increase,plain,4,1,0.8459382951259613,0.8459382951259613,1.0
pitch,pitch,clause_order_invariant,paraphrase,4,1,0.06669124960899349,0.17925350368022913,0.75
pitch,pitch,clause_order_invariant,plain,4,1,0.11320933699607852,0.2209837138652801,0.5
pitch,pitch,distractor_direction_invariant,paraphrase,2,2,-0.0669136196374893,0.0669136196374893,0.0
pitch,pitch,distractor_direction_invariant,plain,2,2,-0.0235255807638168,0.0235255807638168,0.0
pitch,pitch,distractor_high_invariant,paraphrase,2,2,-0.2349045425653457,0.2349045425653457,0.0
pitch,pitch,distractor_high_invariant,plain,2,2,-0.1298704445362091,0.1298704445362091,0.0
pitch,pitch,distractor_low_invariant,paraphrase,2,2,-0.1679909229278564,0.1679909229278564,0.0
pitch,pitch,distractor_low_invariant,plain,2,2,-0.10634486377239225,0.10634486377239225,0.0
pitch,pitch,factorial_one_axis_increase,numeric,6,1,0.08342919747034704,0.08342919747034704,1.0
pitch,pitch,factorial_one_axis_increase,reordered,6,1,0.034241278966267885,0.03746213515599565,0.8333333333333334
pitch,pitch,full_range_increase,numeric,2,2,0.3076445162296295,0.3076445162296295,1.0
pitch,pitch,full_range_increase,paraphrase,2,2,0.04029309749603265,0.04029309749603265,1.0
pitch,pitch,full_range_increase,plain,2,2,0.46758078038692474,0.46758078038692474,1.0
pitch,pitch,irrelevant_invariant,paraphrase,2,2,-0.021593898534774798,0.0787452161312103,0.5
pitch,pitch,irrelevant_invariant,plain,2,2,-0.0762169361114502,0.0762169361114502,0.0
pleasantness,arousal,factorial_one_axis_increase,numeric,18,1,-0.024567749765184155,0.024567749765184155,0.0
pleasantness,arousal,factorial_one_axis_increase,reordered,18,1,-0.028596959180302084,0.05103400184048543,0.5
pleasantness,danger,factorial_one_axis_increase,numeric,18,1,0.03792598346869148,0.03792598346869148,1.0
pleasantness,danger,factorial_one_axis_increase,reordered,18,1,-0.0122162037425571,0.042372710174984354,0.5
pleasantness,pleasantness,adjacent_increase,paraphrase,8,2,0.079011145979166,0.079011145979166,1.0
pleasantness,pleasantness,adjacent_increase,plain,8,2,0.20075271651148793,0.20075271651148793,1.0
pleasantness,pleasantness,binding_increase,paraphrase,4,1,0.6395626589655876,0.6395626589655876,1.0
pleasantness,pleasantness,binding_increase,plain,4,1,1.1365988552570343,1.1365988552570343,1.0
pleasantness,pleasantness,clause_order_invariant,paraphrase,4,1,-0.06396707147359845,0.3306639567017555,0.5
pleasantness,pleasantness,clause_order_invariant,plain,4,1,-0.07906478643417356,0.07906478643417356,0.0
pleasantness,pleasantness,distractor_direction_invariant,paraphrase,2,2,-0.030147433280944748,0.030147433280944748,0.0
pleasantness,pleasantness,distractor_direction_invariant,plain,2,2,0.0286826491355896,0.045461893081665,0.5
pleasantness,pleasantness,distractor_high_invariant,paraphrase,2,2,-0.042833000421524,0.042833000421524,0.0
pleasantness,pleasantness,distractor_high_invariant,plain,2,2,0.010692358016967801,0.0178143978118896,0.5
pleasantness,pleasantness,distractor_low_invariant,paraphrase,2,2,-0.01268556714057925,0.02411925792694085,0.5
pleasantness,pleasantness,distractor_low_invariant,plain,2,2,-0.01799029111862185,0.027647495269775352,0.5
pleasantness,pleasantness,factorial_one_axis_increase,numeric,18,1,0.1659164296256171,0.1659164296256171,1.0
pleasantness,pleasantness,factorial_one_axis_increase,reordered,18,1,0.027853126327196703,0.027853126327196703,1.0
pleasantness,pleasantness,full_range_increase,paraphrase,2,2,0.3160445839166641,0.3160445839166641,1.0
pleasantness,pleasantness,full_range_increase,plain,2,2,0.803010880947113,0.803010880947113,1.0
pleasantness,pleasantness,irrelevant_invariant,paraphrase,2,2,0.09212914109230039,0.09212914109230039,1.0
pleasantness,pleasantness,irrelevant_invariant,plain,2,2,0.0136922001838684,0.0327578783035278,0.5
roughness,elasticity,factorial_one_axis_increase,numeric,18,1,0.007352959778573744,0.0100156449609332,0.7222222222222222
roughness,elasticity,factorial_one_axis_increase,reordered,18,1,0.004230419794718423,0.012364377578099522,0.5555555555555556
roughness,hardness,factorial_one_axis_increase,numeric,18,1,0.009678016106287634,0.018603208992216277,0.7222222222222222
roughness,hardness,factorial_one_axis_increase,reordered,18,1,0.005308065149519178,0.007704330815209244,0.5555555555555556
roughness,roughness,adjacent_increase,paraphrase,8,2,0.03973063826560971,0.08966144174337384,0.75
roughness,roughness,adjacent_increase,plain,8,2,0.2102321051061153,0.2102321051061153,1.0
roughness,roughness,binding_increase,paraphrase,4,1,0.4848312586545944,0.4848312586545944,1.0
roughness,roughness,binding_increase,plain,4,1,0.905643880367279,0.905643880367279,1.0
roughness,roughness,clause_order_invariant,paraphrase,4,1,0.04847528785467145,0.13704838603734965,0.75
roughness,roughness,clause_order_invariant,plain,4,1,0.004032045602798455,0.09691962599754331,0.5
roughness,roughness,distractor_direction_invariant,paraphrase,2,2,-0.14113596081733698,0.14113596081733698,0.0
roughness,roughness,distractor_direction_invariant,plain,2,2,0.10466443002223966,0.10466443002223966,1.0
roughness,roughness,distractor_high_invariant,paraphrase,2,2,0.1002507209777832,0.1002507209777832,1.0
roughness,roughness,distractor_high_invariant,plain,2,2,0.0725549310445785,0.0725549310445785,1.0
roughness,roughness,distractor_low_invariant,paraphrase,2,2,0.24138668179512018,0.24138668179512018,1.0
roughness,roughness,distractor_low_invariant,plain,2,2,-0.0321094989776611,0.0321094989776611,0.0
roughness,roughness,factorial_one_axis_increase,numeric,18,1,0.058474315537346694,0.058474315537346694,1.0
roughness,roughness,factorial_one_axis_increase,reordered,18,1,0.0033618211746215838,0.00857456525166824,0.5
roughness,roughness,full_range_increase,paraphrase,2,2,0.1589225530624389,0.1589225530624389,1.0
roughness,roughness,full_range_increase,plain,2,2,0.8409284055233002,0.8409284055233002,1.0
roughness,roughness,irrelevant_invariant,paraphrase,2,2,-0.07845929265022275,0.07845929265022275,0.0
roughness,roughness,irrelevant_invariant,plain,2,2,0.00910697877407075,0.01825432479381555,0.5
saturation,saturation,factorial_one_axis_increase,numeric,36,1,0.4869872464074029,0.4869872464074029,1.0
saturation,saturation,factorial_one_axis_increase,reordered,36,1,0.17412927415635845,0.17412927415635845,1.0
saturation,value,factorial_one_axis_increase,numeric,36,1,-0.008121944136089736,0.020694318744871303,0.4166666666666667
saturation,value,factorial_one_axis_increase,reordered,36,1,0.05718438492880925,0.05904365248150291,0.8888888888888888
size,mass,factorial_one_axis_increase,numeric,6,1,0.0217159936825434,0.0217159936825434,1.0
size,mass,factorial_one_axis_increase,reordered,6,1,0.014293253421783418,0.015744775533676116,0.8333333333333334
size,size,adjacent_increase,numeric,8,2,0.16885017231106755,0.16885017231106755,1.0
size,size,adjacent_increase,paraphrase,8,2,0.030022874474525448,0.09335190057754512,0.625
size,size,adjacent_increase,plain,8,2,0.19063955172896382,0.19063955172896382,1.0
size,size,binding_increase,paraphrase,4,1,0.3719496726989746,0.5455198884010315,0.5
size,size,binding_increase,plain,4,1,0.8787799328565598,0.8787799328565598,1.0
size,size,clause_order_invariant,paraphrase,4,1,0.042977914214134216,0.5455199033021927,0.5
size,size,clause_order_invariant,plain,4,1,-0.03002216666936877,0.09389682859182352,0.5
size,size,distractor_direction_invariant,paraphrase,2,2,0.0263782739639282,0.0263782739639282,1.0
size,size,distractor_direction_invariant,plain,2,2,0.13506253063678741,0.13506253063678741,1.0
size,size,distractor_high_invariant,paraphrase,2,2,-0.7301309704780579,0.7301309704780579,0.0
size,size,distractor_high_invariant,plain,2,2,0.02053001523017885,0.03076562285423275,0.5
size,size,distractor_low_invariant,paraphrase,2,2,-0.7565092444419861,0.7565092444419861,0.0
size,size,distractor_low_invariant,plain,2,2,-0.11453251540660855,0.11453251540660855,0.0
size,size,factorial_one_axis_increase,numeric,6,1,0.12377244234085079,0.12377244234085079,1.0
size,size,factorial_one_axis_increase,reordered,6,1,0.021227704981962834,0.029943433900674134,0.5
size,size,full_range_increase,numeric,2,2,0.6754006743431091,0.6754006743431091,1.0
size,size,full_range_increase,paraphrase,2,2,0.12009149789810179,0.12009149789810179,1.0
size,size,full_range_increase,plain,2,2,0.7625581920146942,0.7625581920146942,1.0
size,size,irrelevant_invariant,paraphrase,2,2,-0.2618816941976547,0.2618816941976547,0.0
size,size,irrelevant_invariant,plain,2,2,0.002895534038543701,0.0889551043510437,0.5
speed,speed,adjacent_increase,numeric,8,2,0.10214314237236971,0.10214314237236971,1.0
speed,speed,adjacent_increase,paraphrase,8,2,0.1581063866615295,0.16194304078817365,0.75
speed,speed,adjacent_increase,plain,8,2,0.19459528475999832,0.19459528475999832,1.0
speed,speed,binding_increase,paraphrase,4,1,0.6608747318387032,0.6608747318387032,1.0
speed,speed,binding_increase,plain,4,1,0.8580085337162018,0.8580085337162018,1.0
speed,speed,clause_order_invariant,paraphrase,4,1,-0.01820774376392365,0.1164386123418808,0.5
speed,speed,clause_order_invariant,plain,4,1,-0.056546002626419054,0.0618427693843841,0.25
speed,speed,distractor_direction_invariant,paraphrase,2,2,0.011205822229385399,0.022585779428482,0.5
speed,speed,distractor_direction_invariant,plain,2,2,0.058976590633392306,0.058976590633392306,1.0
speed,speed,distractor_high_invariant,paraphrase,2,2,-0.08903108537197105,0.08903108537197105,0.0
speed,speed,distractor_high_invariant,plain,2,2,-0.0233079493045806,0.0233079493045806,0.0
speed,speed,distractor_low_invariant,paraphrase,2,2,-0.1002369076013565,0.1002369076013565,0.0
speed,speed,distractor_low_invariant,plain,2,2,-0.082284539937973,0.082284539937973,0.0
speed,speed,factorial_one_axis_increase,numeric,6,1,0.08749574919541674,0.08749574919541674,1.0
speed,speed,factorial_one_axis_increase,reordered,6,1,0.029990966121355652,0.029990966121355652,1.0
speed,speed,full_range_increase,numeric,2,2,0.408572569489479,0.408572569489479,1.0
speed,speed,full_range_increase,paraphrase,2,2,0.6324255466461182,0.6324255466461182,1.0
speed,speed,full_range_increase,plain,2,2,0.7783811688423157,0.7783811688423157,1.0
speed,speed,irrelevant_invariant,paraphrase,2,2,-0.03464278578758235,0.03464278578758235,0.0
speed,speed,irrelevant_invariant,plain,2,2,-0.02000460028648375,0.02000460028648375,0.0
speed,temperature,factorial_one_axis_increase,numeric,6,1,0.0011165787776311307,0.0621104091405868,0.5
speed,temperature,factorial_one_axis_increase,reordered,6,1,-0.0125360786914825,0.014528274536132766,0.16666666666666666
sweetness,sweetness,adjacent_increase,paraphrase,8,2,0.12905969843268392,0.16219785436987874,0.875
sweetness,sweetness,adjacent_increase,plain,8,2,0.2098790071904659,0.2098790071904659,1.0
sweetness,sweetness,binding_increase,paraphrase,4,1,0.6817759945988655,0.6817759945988655,1.0
sweetness,sweetness,binding_increase,plain,4,1,0.6446742564439774,0.6446742564439774,1.0
sweetness,sweetness,clause_order_invariant,paraphrase,4,1,0.15612050890922546,0.4385473132133484,0.5
sweetness,sweetness,clause_order_invariant,plain,4,1,-0.09353637695312497,0.16038280725479123,0.25
sweetness,sweetness,distractor_direction_invariant,paraphrase,2,2,0.11047637462615965,0.11047637462615965,1.0
sweetness,sweetness,distractor_direction_invariant,plain,2,2,0.1107416301965713,0.1107416301965713,1.0
sweetness,sweetness,distractor_high_invariant,paraphrase,2,2,-0.15097212791442866,0.15097212791442866,0.0
sweetness,sweetness,distractor_high_invariant,plain,2,2,0.0742879956960678,0.0742879956960678,1.0
sweetness,sweetness,distractor_low_invariant,paraphrase,2,2,-0.2614485025405884,0.2614485025405884,0.0
sweetness,sweetness,distractor_low_invariant,plain,2,2,-0.036453634500503554,0.04794210195541375,0.5
sweetness,sweetness,full_range_increase,paraphrase,2,2,0.5162387937307358,0.5162387937307358,1.0
sweetness,sweetness,full_range_increase,plain,2,2,0.8395160436630249,0.8395160436630249,1.0
sweetness,sweetness,irrelevant_invariant,paraphrase,2,2,-0.2829321324825287,0.2829321324825287,0.0
sweetness,sweetness,irrelevant_invariant,plain,2,2,0.054330676794052096,0.054330676794052096,1.0
temperature,speed,factorial_one_axis_increase,numeric,6,1,0.0046554356813430335,0.005498940745989433,0.8333333333333334
temperature,speed,factorial_one_axis_increase,reordered,6,1,0.004834512869516983,0.006024976571400917,0.8333333333333334
temperature,temperature,adjacent_increase,numeric,8,2,0.1538961976766586,0.1538961976766586,1.0
temperature,temperature,adjacent_increase,paraphrase,8,2,0.0530922785401344,0.05538337677717205,0.875
temperature,temperature,adjacent_increase,plain,8,2,0.20385985821485517,0.20385985821485517,1.0
temperature,temperature,binding_increase,paraphrase,4,1,0.5517606139183044,0.5517606139183044,1.0
temperature,temperature,binding_increase,plain,4,1,0.8178848773241043,0.8178848773241043,1.0
temperature,temperature,clause_order_invariant,paraphrase,4,1,0.18489693850278854,0.40086788684129715,0.75
temperature,temperature,clause_order_invariant,plain,4,1,0.05161069333553313,0.16868653893470764,0.75
temperature,temperature,distractor_direction_invariant,paraphrase,2,2,0.05761191248893735,0.05761191248893735,1.0
temperature,temperature,distractor_direction_invariant,plain,2,2,0.17386446893215174,0.17386446893215174,1.0
temperature,temperature,distractor_high_invariant,paraphrase,2,2,0.1941450238227844,0.1941450238227844,1.0
temperature,temperature,distractor_high_invariant,plain,2,2,0.1714736819267273,0.1714736819267273,1.0
temperature,temperature,distractor_low_invariant,paraphrase,2,2,0.136533111333847,0.136533111333847,1.0
temperature,temperature,distractor_low_invariant,plain,2,2,-0.0023907870054244995,0.0476521998643875,0.5
temperature,temperature,factorial_one_axis_increase,numeric,6,1,0.07434423267841335,0.07434423267841335,1.0
temperature,temperature,factorial_one_axis_increase,reordered,6,1,0.023366029063860514,0.023366029063860514,1.0
temperature,temperature,full_range_increase,numeric,2,2,0.6155847907066345,0.6155847907066345,1.0
temperature,temperature,full_range_increase,paraphrase,2,2,0.2123691141605377,0.2123691141605377,1.0
temperature,temperature,full_range_increase,plain,2,2,0.8154394328594208,0.8154394328594208,1.0
temperature,temperature,irrelevant_invariant,paraphrase,2,2,-0.1510100960731506,0.1510100960731506,0.0
temperature,temperature,irrelevant_invariant,plain,2,2,0.0640287697315216,0.0640287697315216,1.0
value,saturation,factorial_one_axis_increase,numeric,36,1,0.020836184422175056,0.03106271889474652,0.8333333333333334
value,saturation,factorial_one_axis_increase,reordered,36,1,0.4122699764039781,0.4122699764039781,1.0
value,value,factorial_one_axis_increase,numeric,36,1,0.4882975353135003,0.4882975353135003,1.0
value,value,factorial_one_axis_increase,reordered,36,1,-0.07549813058641221,0.08767957157558862,0.3611111111111111
width,height,factorial_one_axis_increase,numeric,18,1,0.038159696592224956,0.05374513235357069,0.7222222222222222
width,height,factorial_one_axis_increase,reordered,18,1,0.03176759348975283,0.06532193554772266,0.7777777777777778
width,length,factorial_one_axis_increase,numeric,18,1,0.06793711913956534,0.07795824276076418,0.8333333333333334
width,length,factorial_one_axis_increase,reordered,18,1,0.022558252016703265,0.05471614996592199,0.7222222222222222
width,width,factorial_one_axis_increase,numeric,18,1,0.4182476798693339,0.4182476798693339,1.0
width,width,factorial_one_axis_increase,reordered,18,1,0.19942037264506018,0.19942037264506018,1.0
