concept_id,lemma,synonym_group,category,source_kind,entity_split,previous_pilot_overlap
lex_salt_grain,salt grain,lex_salt_grain,lexical_example,authored_demo,test,False
lex_ant,ant,lex_ant,lexical_example,authored_demo,train,False
lex_pea,pea,lex_pea,lexical_example,authored_demo,validation,False
lex_blueberry,blueberry,lex_blueberry,lexical_example,authored_demo,train,True
lex_button,button,lex_button,lexical_example,authored_demo,validation,False
lex_strawberry,strawberry,lex_strawberry,lexical_example,authored_demo,train,True
lex_walnut,walnut,lex_walnut,lexical_example,authored_demo,train,False
lex_apple,apple,lex_apple,lexical_example,authored_demo,train,True
lex_teacup,teacup,lex_teacup,lexical_example,authored_demo,train,True
lex_tennis_ball,tennis ball,lex_tennis_ball,lexical_example,authored_demo,train,False
lex_loaf_of_bread,loaf of bread,lex_loaf_of_bread,lexical_example,authored_demo,train,False
lex_book,book,lex_book,lexical_example,authored_demo,validation,False
lex_rabbit,rabbit,lex_rabbit,lexical_example,authored_demo,train,False
lex_basketball,basketball,lex_basketball,lexical_example,authored_demo,train,False
lex_brick,brick,lex_brick,lexical_example,authored_demo,train,False
lex_chair,chair,lex_chair,lexical_example,authored_demo,validation,False
lex_bicycle,bicycle,lex_bicycle,lexical_example,authored_demo,train,False
lex_dog,dog,lex_dog,lexical_example,authored_demo,train,False
lex_armchair,armchair,lex_armchair,lexical_example,authored_demo,train,False
lex_adult_person,adult person,lex_adult_person,lexical_example,authored_demo,train,False
lex_elephant,elephant,lex_elephant,lexical_example,authored_demo,train,False
lex_shipping_container,shipping container,lex_shipping_container,lexical_example,authored_demo,test,False
lex_bus,bus,lex_bus,lexical_example,authored_demo,train,False
lex_airplane,airplane,lex_airplane,lexical_example,authored_demo,test,False
lex_building,building,lex_building,lexical_example,authored_demo,validation,False
lex_feather,feather,lex_feather,lexical_example,authored_demo,train,False
lex_paperclip,paperclip,lex_paperclip,lexical_example,authored_demo,test,False
lex_postage_stamp,postage stamp,lex_postage_stamp,lexical_example,authored_demo,train,False
lex_rice_grain,rice grain,lex_rice_grain,lexical_example,authored_demo,validation,False
lex_dry_leaf,dry leaf,lex_dry_leaf,lexical_example,authored_demo,train,False
lex_pencil,pencil,lex_pencil,lexical_example,authored_demo,validation,False
lex_coin,coin,lex_coin,lexical_example,authored_demo,train,False
lex_key,key,lex_key,lexical_example,authored_demo,train,False
lex_eraser,eraser,lex_eraser,lexical_example,authored_demo,train,False
lex_teabag,teabag,lex_teabag,lexical_example,authored_demo,test,False
lex_smartphone,smartphone,lex_smartphone,lexical_example,authored_demo,train,False
lex_mug,mug,lex_mug,lexical_example,authored_demo,validation,False
lex_orange,orange,lex_orange,lexical_example,authored_demo,train,True
lex_bar_of_soap,bar of soap,lex_bar_of_soap,lexical_example,authored_demo,train,False
lex_laptop,laptop,lex_laptop,lexical_example,authored_demo,test,False
lex_dictionary,dictionary,lex_dictionary,lexical_example,authored_demo,train,False
lex_bowling_ball,bowling ball,lex_bowling_ball,lexical_example,authored_demo,train,False
lex_kettlebell,kettlebell,lex_kettlebell,lexical_example,authored_demo,train,False
lex_refrigerator,refrigerator,lex_refrigerator,lexical_example,authored_demo,validation,False
lex_motorcycle,motorcycle,lex_motorcycle,lexical_example,authored_demo,train,True
lex_car,car,lex_car,lexical_example,authored_demo,train,False
lex_locomotive,locomotive,lex_locomotive,lexical_example,authored_demo,train,False
lex_dry_ice,dry ice,lex_dry_ice,lexical_example,authored_demo,train,False
lex_ice_cube,ice cube,lex_ice_cube,lexical_example,authored_demo,train,False
lex_snow,snow,lex_snow,lexical_example,authored_demo,train,False
lex_frozen_lake,frozen lake,lex_frozen_lake,lexical_example,authored_demo,train,False
lex_icicle,icicle,lex_icicle,lexical_example,authored_demo,validation,False
lex_chilled_water,chilled water,lex_chilled_water,lexical_example,authored_demo,train,False
lex_refrigerated_milk,refrigerated milk,lex_refrigerated_milk,lexical_example,authored_demo,train,False
lex_cold_cellar,cold cellar,lex_cold_cellar,lexical_example,authored_demo,train,False
lex_cool_stream,cool stream,lex_cool_stream,lexical_example,authored_demo,train,False
lex_winter_air,winter air,lex_winter_air,lexical_example,authored_demo,train,False
lex_room_temperature_water,room-temperature water,lex_room_temperature_water,lexical_example,authored_demo,train,False
lex_indoor_air,indoor air,lex_indoor_air,lexical_example,authored_demo,train,False
lex_wooden_desk,wooden desk,lex_wooden_desk,lexical_example,authored_demo,train,False
lex_room_temperature_apple,room-temperature apple,lex_room_temperature_apple,lexical_example,authored_demo,train,False
lex_unheated_ceramic_tile,unheated ceramic tile,lex_unheated_ceramic_tile,lexical_example,authored_demo,train,False
lex_warm_bath,warm bath,lex_warm_bath,lexical_example,authored_demo,validation,False
lex_sunlit_pavement,sunlit pavement,lex_sunlit_pavement,lexical_example,authored_demo,validation,False
lex_fresh_tea,fresh tea,lex_fresh_tea,lexical_example,authored_demo,validation,False
lex_heating_pad,heating pad,lex_heating_pad,lexical_example,authored_demo,test,False
lex_warm_radiator,warm radiator,lex_warm_radiator,lexical_example,authored_demo,test,False
lex_boiling_water,boiling water,lex_boiling_water,lexical_example,authored_demo,train,False
lex_oven_interior,oven interior,lex_oven_interior,lexical_example,authored_demo,test,False
lex_campfire,campfire,lex_campfire,lexical_example,authored_demo,train,False
lex_molten_lava,molten lava,lex_molten_lava,lexical_example,authored_demo,train,False
lex_blast_furnace,blast furnace,lex_blast_furnace,lexical_example,authored_demo,test,False
lex_parked_car,parked car,lex_parked_car,lexical_example,authored_demo,train,False
lex_stationary_statue,stationary statue,lex_stationary_statue,lexical_example,authored_demo,validation,False
lex_resting_stone,resting stone,lex_resting_stone,lexical_example,authored_demo,train,False
lex_stopped_clock_hand,stopped clock hand,lex_stopped_clock_hand,lexical_example,authored_demo,validation,False
lex_anchored_boat,anchored boat,lex_anchored_boat,lexical_example,authored_demo,train,False
lex_snail,snail,lex_snail,lexical_example,authored_demo,validation,False
lex_tortoise,tortoise,lex_tortoise,lexical_example,authored_demo,train,False
lex_crawling_baby,crawling baby,lex_crawling_baby,lexical_example,authored_demo,train,False
lex_drifting_leaf,drifting leaf,lex_drifting_leaf,lexical_example,authored_demo,validation,False
lex_walking_pedestrian,walking pedestrian,lex_walking_pedestrian,lexical_example,authored_demo,train,False
lex_jogger,jogger,lex_jogger,lexical_example,authored_demo,test,False
lex_cyclist,cyclist,lex_cyclist,lexical_example,authored_demo,validation,False
lex_swimmer,swimmer,lex_swimmer,lexical_example,authored_demo,test,False
lex_running_dog,running dog,lex_running_dog,lexical_example,authored_demo,validation,False
lex_rolling_skateboard,rolling skateboard,lex_rolling_skateboard,lexical_example,authored_demo,test,False
lex_galloping_horse,galloping horse,lex_galloping_horse,lexical_example,authored_demo,test,False
lex_moving_train,moving train,lex_moving_train,lexical_example,authored_demo,validation,False
lex_motorcycle_on_a_highway,motorcycle on a highway,lex_motorcycle_on_a_highway,lexical_example,authored_demo,train,False
lex_cheetah,cheetah,lex_cheetah,lexical_example,authored_demo,train,False
lex_speedboat,speedboat,lex_speedboat,lexical_example,authored_demo,train,False
lex_jet_aircraft,jet aircraft,lex_jet_aircraft,lexical_example,authored_demo,train,False
lex_racing_car,racing car,lex_racing_car,lexical_example,authored_demo,train,False
lex_rocket,rocket,lex_rocket,lexical_example,authored_demo,train,False
lex_meteor,meteor,lex_meteor,lexical_example,authored_demo,train,False
lex_spacecraft,spacecraft,lex_spacecraft,lexical_example,authored_demo,train,False
lex_unlit_cave,unlit cave,lex_unlit_cave,lexical_example,authored_demo,train,False
lex_black_cloth_in_shade,black cloth in shade,lex_black_cloth_in_shade,lexical_example,authored_demo,train,False
lex_moonless_sky,moonless sky,lex_moonless_sky,lexical_example,authored_demo,train,False
lex_unlit_screen,unlit screen,lex_unlit_screen,lexical_example,authored_demo,train,False
lex_dark_cupboard,dark cupboard,lex_dark_cupboard,lexical_example,authored_demo,train,False
lex_candlelit_room,candlelit room,lex_candlelit_room,lexical_example,authored_demo,train,False
lex_night_light,night-light,lex_night_light,lexical_example,authored_demo,train,False
lex_twilight_sky,twilight sky,lex_twilight_sky,lexical_example,authored_demo,test,False
lex_dim_hallway,dim hallway,lex_dim_hallway,lexical_example,authored_demo,test,False
lex_glowing_ember,glowing ember,lex_glowing_ember,lexical_example,authored_demo,train,False
lex_cloudy_sky,cloudy sky,lex_cloudy_sky,lexical_example,authored_demo,validation,False
lex_desk_lamp,desk lamp,lex_desk_lamp,lexical_example,authored_demo,train,False
lex_computer_screen,computer screen,lex_computer_screen,lexical_example,authored_demo,train,False
lex_lit_kitchen,lit kitchen,lex_lit_kitchen,lexical_example,authored_demo,train,False
lex_overcast_courtyard,overcast courtyard,lex_overcast_courtyard,lexical_example,authored_demo,validation,False
lex_sunlit_white_wall,sunlit white wall,lex_sunlit_white_wall,lexical_example,authored_demo,train,False
lex_stage_spotlight,stage spotlight,lex_stage_spotlight,lexical_example,authored_demo,test,False
lex_car_headlight,car headlight,lex_car_headlight,lexical_example,authored_demo,train,False
lex_bright_shop_window,bright shop window,lex_bright_shop_window,lexical_example,authored_demo,test,False
lex_sunlit_snow,sunlit snow,lex_sunlit_snow,lexical_example,authored_demo,test,False
lex_sun_s_disc,sun's disc,lex_sun_s_disc,lexical_example,authored_demo,validation,False
lex_camera_flash,camera flash,lex_camera_flash,lexical_example,authored_demo,train,False
lex_welding_arc,welding arc,lex_welding_arc,lexical_example,authored_demo,train,False
lex_lightning_flash,lightning flash,lex_lightning_flash,lexical_example,authored_demo,train,False
lex_floodlight,floodlight,lex_floodlight,lexical_example,authored_demo,train,False
lex_falling_snow,falling snow,lex_falling_snow,lexical_example,authored_demo,test,False
lex_distant_rustle,distant rustle,lex_distant_rustle,lexical_example,authored_demo,test,False
lex_soft_breathing,soft breathing,lex_soft_breathing,lexical_example,authored_demo,train,False
lex_ticking_wristwatch,ticking wristwatch,lex_ticking_wristwatch,lexical_example,authored_demo,validation,False
lex_faint_hum,faint hum,lex_faint_hum,lexical_example,authored_demo,train,False
lex_whisper,whisper,lex_whisper,lexical_example,authored_demo,test,False
lex_turning_book_page,turning book page,lex_turning_book_page,lexical_example,authored_demo,train,False
lex_gentle_rain,gentle rain,lex_gentle_rain,lexical_example,authored_demo,train,False
lex_quiet_fan,quiet fan,lex_quiet_fan,lexical_example,authored_demo,train,False
lex_soft_footsteps,soft footsteps,lex_soft_footsteps,lexical_example,authored_demo,train,False
lex_conversation,conversation,lex_conversation,lexical_example,authored_demo,train,False
lex_running_tap,running tap,lex_running_tap,lexical_example,authored_demo,train,False
lex_piano_practice,piano practice,lex_piano_practice,lexical_example,authored_demo,test,False
lex_busy_cafe,busy cafe,lex_busy_cafe,lexical_example,authored_demo,train,False
lex_television,television,lex_television,lexical_example,authored_demo,train,False
lex_vacuum_cleaner,vacuum cleaner,lex_vacuum_cleaner,lexical_example,authored_demo,train,False
lex_shouting_crowd,shouting crowd,lex_shouting_crowd,lexical_example,authored_demo,train,False
lex_passing_truck,passing truck,lex_passing_truck,lexical_example,authored_demo,train,False
lex_power_drill,power drill,lex_power_drill,lexical_example,authored_demo,validation,False
lex_barking_dog,barking dog,lex_barking_dog,lexical_example,authored_demo,train,False
lex_thunderclap,thunderclap,lex_thunderclap,lexical_example,authored_demo,train,False
lex_jet_takeoff,jet takeoff,lex_jet_takeoff,lexical_example,authored_demo,train,False
lex_stadium_roar,stadium roar,lex_stadium_roar,lexical_example,authored_demo,train,False
lex_fire_alarm,fire alarm,lex_fire_alarm,lexical_example,authored_demo,train,False
lex_rock_concert,rock concert,lex_rock_concert,lexical_example,authored_demo,train,False
lex_bass_drum,bass drum,lex_bass_drum,lexical_example,authored_demo,test,False
lex_low_organ_pedal,low organ pedal,lex_low_organ_pedal,lexical_example,authored_demo,train,False
lex_tuba,tuba,lex_tuba,lexical_example,authored_demo,validation,False
lex_bass_guitar,bass guitar,lex_bass_guitar,lexical_example,authored_demo,test,False
lex_distant_rumble,distant rumble,lex_distant_rumble,lexical_example,authored_demo,validation,False
lex_cello,cello,lex_cello,lexical_example,authored_demo,train,True
lex_baritone_voice,baritone voice,lex_baritone_voice,lexical_example,authored_demo,validation,False
lex_bassoon,bassoon,lex_bassoon,lexical_example,authored_demo,validation,False
lex_low_piano_note,low piano note,lex_low_piano_note,lexical_example,authored_demo,test,False
lex_bull_s_bellow,bull's bellow,lex_bull_s_bellow,lexical_example,authored_demo,train,False
lex_conversational_voice,conversational voice,lex_conversational_voice,lexical_example,authored_demo,validation,False
lex_viola,viola,lex_viola,lexical_example,authored_demo,validation,False
lex_guitar_middle_string,guitar middle string,lex_guitar_middle_string,lexical_example,authored_demo,train,False
lex_clarinet_middle_register,clarinet middle register,lex_clarinet_middle_register,lexical_example,authored_demo,train,False
lex_middle_piano_note,middle piano note,lex_middle_piano_note,lexical_example,authored_demo,train,False
lex_flute,flute,lex_flute,lexical_example,authored_demo,train,False
lex_soprano_voice,soprano voice,lex_soprano_voice,lexical_example,authored_demo,train,False
lex_violin_upper_register,violin upper register,lex_violin_upper_register,lexical_example,authored_demo,train,False
lex_birdsong,birdsong,lex_birdsong,lexical_example,authored_demo,train,False
lex_whistling_kettle,whistling kettle,lex_whistling_kettle,lexical_example,authored_demo,test,False
lex_piccolo,piccolo,lex_piccolo,lexical_example,authored_demo,train,False
lex_mosquito_whine,mosquito whine,lex_mosquito_whine,lexical_example,authored_demo,train,False
lex_high_electronic_beep,high electronic beep,lex_high_electronic_beep,lexical_example,authored_demo,test,False
lex_squeaky_hinge,squeaky hinge,lex_squeaky_hinge,lexical_example,authored_demo,validation,False
lex_bat_chirp,bat chirp,lex_bat_chirp,lexical_example,authored_demo,train,False
lex_polished_glass,polished glass,lex_polished_glass,lexical_example,authored_demo,train,False
lex_silk,silk,lex_silk,lexical_example,authored_demo,train,False
lex_mirror,mirror,lex_mirror,lexical_example,authored_demo,train,False
lex_glazed_porcelain,glazed porcelain,lex_glazed_porcelain,lexical_example,authored_demo,test,False
lex_smooth_ice,smooth ice,lex_smooth_ice,lexical_example,authored_demo,train,False
lex_satin,satin,lex_satin,lexical_example,authored_demo,train,False
lex_plastic_ruler,plastic ruler,lex_plastic_ruler,lexical_example,authored_demo,train,False
lex_polished_wood,polished wood,lex_polished_wood,lexical_example,authored_demo,test,False
lex_fine_paper,fine paper,lex_fine_paper,lexical_example,authored_demo,train,False
lex_smooth_leather,smooth leather,lex_smooth_leather,lexical_example,authored_demo,train,False
lex_cotton_cloth,cotton cloth,lex_cotton_cloth,lexical_example,authored_demo,test,False
lex_cardboard,cardboard,lex_cardboard,lexical_example,authored_demo,train,False
lex_unpolished_wood,unpolished wood,lex_unpolished_wood,lexical_example,authored_demo,train,False
lex_woven_linen,woven linen,lex_woven_linen,lexical_example,authored_demo,train,False
lex_orange_peel,orange peel,lex_orange_peel,lexical_example,authored_demo,train,False
lex_tree_bark,tree bark,lex_tree_bark,lexical_example,authored_demo,validation,False
lex_sandpaper,sandpaper,lex_sandpaper,lexical_example,authored_demo,validation,False
lex_gravel,gravel,lex_gravel,lexical_example,authored_demo,train,False
lex_coarse_fabric,coarse fabric,lex_coarse_fabric,lexical_example,authored_demo,validation,False
lex_rough_stone,rough stone,lex_rough_stone,lexical_example,authored_demo,validation,False
lex_jagged_rock,jagged rock,lex_jagged_rock,lexical_example,authored_demo,test,False
lex_coarse_rasp,coarse rasp,lex_coarse_rasp,lexical_example,authored_demo,validation,False
lex_broken_concrete,broken concrete,lex_broken_concrete,lexical_example,authored_demo,train,False
lex_sharp_lava_rock,sharp lava rock,lex_sharp_lava_rock,lexical_example,authored_demo,train,False
lex_very_coarse_sandpaper,very coarse sandpaper,lex_very_coarse_sandpaper,lexical_example,authored_demo,test,False
lex_whipped_cream,whipped cream,lex_whipped_cream,lexical_example,authored_demo,train,False
lex_soft_foam,soft foam,lex_soft_foam,lexical_example,authored_demo,train,False
lex_fresh_dough,fresh dough,lex_fresh_dough,lexical_example,authored_demo,train,False
lex_cotton_wool,cotton wool,lex_cotton_wool,lexical_example,authored_demo,train,False
lex_gelatin_dessert,gelatin dessert,lex_gelatin_dessert,lexical_example,authored_demo,validation,False
lex_rubber_eraser,rubber eraser,lex_rubber_eraser,lexical_example,authored_demo,train,False
lex_soft_clay,soft clay,lex_soft_clay,lexical_example,authored_demo,train,False
lex_candle_wax,candle wax,lex_candle_wax,lexical_example,authored_demo,test,False
lex_ripe_banana,ripe banana,lex_ripe_banana,lexical_example,authored_demo,validation,False
lex_cork,cork,lex_cork,lexical_example,authored_demo,test,False
lex_leather,leather,lex_leather,lexical_example,authored_demo,validation,False
lex_pine_wood,pine wood,lex_pine_wood,lexical_example,authored_demo,train,False
lex_firm_rubber,firm rubber,lex_firm_rubber,lexical_example,authored_demo,train,False
lex_packed_soil,packed soil,lex_packed_soil,lexical_example,authored_demo,train,False
lex_hardwood,hardwood,lex_hardwood,lexical_example,authored_demo,validation,False
lex_aluminium_plate,aluminium plate,lex_aluminium_plate,lexical_example,authored_demo,test,False
lex_ceramic_tile,ceramic tile,lex_ceramic_tile,lexical_example,authored_demo,train,False
lex_bone,bone,lex_bone,lexical_example,authored_demo,train,False
lex_steel_block,steel block,lex_steel_block,lexical_example,authored_demo,train,False
lex_granite,granite,lex_granite,lexical_example,authored_demo,test,False
lex_quartz,quartz,lex_quartz,lexical_example,authored_demo,train,False
lex_hardened_tool_steel,hardened tool steel,lex_hardened_tool_steel,lexical_example,authored_demo,train,False
lex_diamond,diamond,lex_diamond,lexical_example,authored_demo,test,False
lex_molded_clay,molded clay,lex_molded_clay,lexical_example,authored_demo,train,False
lex_kneaded_dough,kneaded dough,lex_kneaded_dough,lexical_example,authored_demo,validation,False
lex_crumpled_foil,crumpled foil,lex_crumpled_foil,lexical_example,authored_demo,validation,False
lex_bent_paperclip,bent paperclip,lex_bent_paperclip,lexical_example,authored_demo,test,False
lex_putty,putty,lex_putty,lexical_example,authored_demo,train,False
lex_damp_cardboard,damp cardboard,lex_damp_cardboard,lexical_example,authored_demo,validation,False
lex_creased_paper,creased paper,lex_creased_paper,lexical_example,authored_demo,validation,False
lex_soft_wax,soft wax,lex_soft_wax,lexical_example,authored_demo,validation,False
lex_compressed_sand,compressed sand,lex_compressed_sand,lexical_example,authored_demo,train,False
lex_flattened_dough,flattened dough,lex_flattened_dough,lexical_example,authored_demo,train,False
lex_worn_sponge,worn sponge,lex_worn_sponge,lexical_example,authored_demo,test,False
lex_memory_foam,memory foam,lex_memory_foam,lexical_example,authored_demo,train,False
lex_soft_leather,soft leather,lex_soft_leather,lexical_example,authored_demo,validation,False
lex_felt_pad,felt pad,lex_felt_pad,lexical_example,authored_demo,validation,False
lex_flexible_packing_foam,flexible packing foam,lex_flexible_packing_foam,lexical_example,authored_demo,test,False
lex_cork_stopper,cork stopper,lex_cork_stopper,lexical_example,authored_demo,train,False
lex_silicone_sheet,silicone sheet,lex_silicone_sheet,lexical_example,authored_demo,train,False
lex_springy_foam,springy foam,lex_springy_foam,lexical_example,authored_demo,validation,False
lex_flexible_plastic_strip,flexible plastic strip,lex_flexible_plastic_strip,lexical_example,authored_demo,validation,False
lex_wool_cushion,wool cushion,lex_wool_cushion,lexical_example,authored_demo,test,False
lex_rubber_band,rubber band,lex_rubber_band,lexical_example,authored_demo,train,False
lex_steel_spring,steel spring,lex_steel_spring,lexical_example,authored_demo,train,False
lex_bungee_cord,bungee cord,lex_bungee_cord,lexical_example,authored_demo,test,False
lex_elastic_fabric,elastic fabric,lex_elastic_fabric,lexical_example,authored_demo,test,False
lex_rubber_ball,rubber ball,lex_rubber_ball,lexical_example,authored_demo,validation,False
lex_plain_water,plain water,lex_plain_water,lexical_example,authored_demo,validation,False
lex_unsweetened_tea,unsweetened tea,lex_unsweetened_tea,lexical_example,authored_demo,train,False
lex_black_coffee,black coffee,lex_black_coffee,lexical_example,authored_demo,validation,False
lex_celery,celery,lex_celery,lexical_example,authored_demo,test,False
lex_cucumber,cucumber,lex_cucumber,lexical_example,authored_demo,train,False
lex_plain_milk,plain milk,lex_plain_milk,lexical_example,authored_demo,test,False
lex_carrot,carrot,lex_carrot,lexical_example,authored_demo,test,False
lex_oatmeal,oatmeal,lex_oatmeal,lexical_example,authored_demo,train,False
lex_plain_bread,plain bread,lex_plain_bread,lexical_example,authored_demo,train,False
lex_unsweetened_yogurt,unsweetened yogurt,lex_unsweetened_yogurt,lexical_example,authored_demo,train,False
lex_banana,banana,lex_banana,lexical_example,authored_demo,train,False
lex_sweetcorn,sweetcorn,lex_sweetcorn,lexical_example,authored_demo,train,False
lex_pear,pear,lex_pear,lexical_example,authored_demo,test,False
lex_ripe_mango,ripe mango,lex_ripe_mango,lexical_example,authored_demo,test,False
lex_cake,cake,lex_cake,lexical_example,authored_demo,train,False
lex_sweetened_yogurt,sweetened yogurt,lex_sweetened_yogurt,lexical_example,authored_demo,validation,False
lex_milk_chocolate,milk chocolate,lex_milk_chocolate,lexical_example,authored_demo,train,False
lex_fruit_jam,fruit jam,lex_fruit_jam,lexical_example,authored_demo,validation,False
lex_honey,honey,lex_honey,lexical_example,authored_demo,test,False
lex_sugar_syrup,sugar syrup,lex_sugar_syrup,lexical_example,authored_demo,validation,False
lex_hard_candy,hard candy,lex_hard_candy,lexical_example,authored_demo,train,False
lex_marshmallow,marshmallow,lex_marshmallow,lexical_example,authored_demo,train,False
lex_icing_sugar,icing sugar,lex_icing_sugar,lexical_example,authored_demo,test,False
lex_toothache,toothache,lex_toothache,lexical_example,authored_demo,validation,False
lex_bereavement,bereavement,lex_bereavement,lexical_example,authored_demo,train,False
lex_humiliation,humiliation,lex_humiliation,lexical_example,authored_demo,train,False
lex_severe_loneliness,severe loneliness,lex_severe_loneliness,lexical_example,authored_demo,train,False
lex_nausea,nausea,lex_nausea,lexical_example,authored_demo,train,False
lex_traffic_delay,traffic delay,lex_traffic_delay,lexical_example,authored_demo,train,False
lex_minor_argument,minor argument,lex_minor_argument,lexical_example,authored_demo,test,False
lex_paper_cut,paper cut,lex_paper_cut,lexical_example,authored_demo,train,False
lex_boredom,boredom,lex_boredom,lexical_example,authored_demo,test,False
lex_unwanted_noise,unwanted noise,lex_unwanted_noise,lexical_example,authored_demo,validation,False
lex_blank_form,blank form,lex_blank_form,lexical_example,authored_demo,validation,False
lex_plain_wall,plain wall,lex_plain_wall,lexical_example,authored_demo,validation,False
lex_neutral_announcement,neutral announcement,lex_neutral_announcement,lexical_example,authored_demo,train,False
lex_empty_cardboard_box,empty cardboard box,lex_empty_cardboard_box,lexical_example,authored_demo,train,False
lex_ordinary_timetable,ordinary timetable,lex_ordinary_timetable,lexical_example,authored_demo,validation,False
lex_friendly_conversation,friendly conversation,lex_friendly_conversation,lexical_example,authored_demo,test,False
lex_favorite_meal,favorite meal,lex_favorite_meal,lexical_example,authored_demo,validation,False
lex_sunny_walk,sunny walk,lex_sunny_walk,lexical_example,authored_demo,train,False
lex_pleasant_music,pleasant music,lex_pleasant_music,lexical_example,authored_demo,train,False
lex_joyful_reunion,joyful reunion,lex_joyful_reunion,lexical_example,authored_demo,train,False
lex_deep_relief,deep relief,lex_deep_relief,lexical_example,authored_demo,validation,False
lex_loving_embrace,loving embrace,lex_loving_embrace,lexical_example,authored_demo,test,False
lex_major_achievement,major achievement,lex_major_achievement,lexical_example,authored_demo,train,False
lex_wonderful_surprise,wonderful surprise,lex_wonderful_surprise,lexical_example,authored_demo,test,False
lex_sleepy_afternoon,sleepy afternoon,lex_sleepy_afternoon,lexical_example,authored_demo,train,False
lex_quiet_rest,quiet rest,lex_quiet_rest,lexical_example,authored_demo,validation,False
lex_slow_breathing,slow breathing,lex_slow_breathing,lexical_example,authored_demo,train,False
lex_drowsiness,drowsiness,lex_drowsiness,lexical_example,authored_demo,train,False
lex_gentle_lullaby,gentle lullaby,lex_gentle_lullaby,lexical_example,authored_demo,train,False
lex_calm_reading,calm reading,lex_calm_reading,lexical_example,authored_demo,train,False
lex_peaceful_garden,peaceful garden,lex_peaceful_garden,lexical_example,authored_demo,test,False
lex_soft_music,soft music,lex_soft_music,lexical_example,authored_demo,test,False
lex_relaxed_conversation,relaxed conversation,lex_relaxed_conversation,lexical_example,authored_demo,train,False
lex_slow_walk,slow walk,lex_slow_walk,lexical_example,authored_demo,train,False
lex_ordinary_meeting,ordinary meeting,lex_ordinary_meeting,lexical_example,authored_demo,train,False
lex_light_exercise,light exercise,lex_light_exercise,lexical_example,authored_demo,test,False
lex_interesting_lecture,interesting lecture,lex_interesting_lecture,lexical_example,authored_demo,train,False
lex_friendly_game,friendly game,lex_friendly_game,lexical_example,authored_demo,train,False
lex_routine_shopping,routine shopping,lex_routine_shopping,lexical_example,authored_demo,validation,False
lex_lively_celebration,lively celebration,lex_lively_celebration,lexical_example,authored_demo,validation,False
lex_competitive_match,competitive match,lex_competitive_match,lexical_example,authored_demo,train,False
lex_urgent_deadline,urgent deadline,lex_urgent_deadline,lexical_example,authored_demo,train,False
lex_exciting_news,exciting news,lex_exciting_news,lexical_example,authored_demo,test,False
lex_tense_argument,tense argument,lex_tense_argument,lexical_example,authored_demo,test,False
lex_panic,panic,lex_panic,lexical_example,authored_demo,train,False
lex_intense_excitement,intense excitement,lex_intense_excitement,lexical_example,authored_demo,train,False
lex_sudden_alarm,sudden alarm,lex_sudden_alarm,lexical_example,authored_demo,train,False
lex_thrilling_climax,thrilling climax,lex_thrilling_climax,lexical_example,authored_demo,train,False
lex_extreme_surprise,extreme surprise,lex_extreme_surprise,lexical_example,authored_demo,test,False
lex_soft_cushion,soft cushion,lex_soft_cushion,lexical_example,authored_demo,test,False
lex_folded_towel,folded towel,lex_folded_towel,lexical_example,authored_demo,train,False
lex_paper_bookmark,paper bookmark,lex_paper_bookmark,lexical_example,authored_demo,test,False
lex_plush_toy,plush toy,lex_plush_toy,lexical_example,authored_demo,train,False
lex_empty_notebook,empty notebook,lex_empty_notebook,lexical_example,authored_demo,validation,False
lex_paper_edge,paper edge,lex_paper_edge,lexical_example,authored_demo,train,False
lex_uneven_paving_stone,uneven paving stone,lex_uneven_paving_stone,lexical_example,authored_demo,test,False
lex_warm_cup,warm cup,lex_warm_cup,lexical_example,authored_demo,train,False
lex_small_splinter,small splinter,lex_small_splinter,lexical_example,authored_demo,train,False
lex_mildly_slippery_floor,mildly slippery floor,lex_mildly_slippery_floor,lexical_example,authored_demo,validation,False
lex_steep_staircase,steep staircase,lex_steep_staircase,lexical_example,authored_demo,train,False
lex_sharp_kitchen_knife,sharp kitchen knife,lex_sharp_kitchen_knife,lexical_example,authored_demo,train,False
lex_busy_road,busy road,lex_busy_road,lexical_example,authored_demo,test,False
lex_deep_pond,deep pond,lex_deep_pond,lexical_example,authored_demo,test,False
lex_hot_pan,hot pan,lex_hot_pan,lexical_example,authored_demo,validation,False
lex_cliff_edge,cliff edge,lex_cliff_edge,lexical_example,authored_demo,train,False
lex_unstable_ladder,unstable ladder,lex_unstable_ladder,lexical_example,authored_demo,train,False
lex_large_aggressive_animal,large aggressive animal,lex_large_aggressive_animal,lexical_example,authored_demo,validation,False
lex_fast_moving_traffic,fast-moving traffic,lex_fast_moving_traffic,lexical_example,authored_demo,train,False
lex_exposed_electrical_wire,exposed electrical wire,lex_exposed_electrical_wire,lexical_example,authored_demo,validation,False
lex_wildfire,wildfire,lex_wildfire,lexical_example,authored_demo,train,False
lex_avalanche,avalanche,lex_avalanche,lexical_example,authored_demo,validation,False
lex_collapsing_building,collapsing building,lex_collapsing_building,lexical_example,authored_demo,train,False
lex_major_flood,major flood,lex_major_flood,lexical_example,authored_demo,validation,False
lex_violent_tornado,violent tornado,lex_violent_tornado,lexical_example,authored_demo,validation,False
