concept_id,quality_id,ordinal_score,label_kind,label_source,notes
lex_salt_grain,size,1,demo_ordinal,Original assistant-authored experimental fixtures; not collected observations.,"Provisional illustrative ranking, not a human norm or measurement."
lex_ant,size,1,demo_ordinal,Original assistant-authored experimental fixtures; not collected observations.,"Provisional illustrative ranking, not a human norm or measurement."
lex_pea,size,1,demo_ordinal,Original assistant-authored experimental fixtures; not collected observations.,"Provisional illustrative ranking, not a human norm or measurement."
lex_blueberry,size,1,demo_ordinal,Original assistant-authored experimental fixtures; not collected observations.,"Provisional illustrative ranking, not a human norm or measurement."
lex_button,size,1,demo_ordinal,Original assistant-authored experimental fixtures; not collected observations.,"Provisional illustrative ranking, not a human norm or measurement."
lex_strawberry,size,2,demo_ordinal,Original assistant-authored experimental fixtures; not collected observations.,"Provisional illustrative ranking, not a human norm or measurement."
lex_walnut,size,2,demo_ordinal,Original assistant-authored experimental fixtures; not collected observations.,"Provisional illustrative ranking, not a human norm or measurement."
lex_apple,size,2,demo_ordinal,Original assistant-authored experimental fixtures; not collected observations.,"Provisional illustrative ranking, not a human norm or measurement."
lex_teacup,size,2,demo_ordinal,Original assistant-authored experimental fixtures; not collected observations.,"Provisional illustrative ranking, not a human norm or measurement."
lex_tennis_ball,size,2,demo_ordinal,Original assistant-authored experimental fixtures; not collected observations.,"Provisional illustrative ranking, not a human norm or measurement."
lex_loaf_of_bread,size,3,demo_ordinal,Original assistant-authored experimental fixtures; not collected observations.,"Provisional illustrative ranking, not a human norm or measurement."
lex_book,size,3,demo_ordinal,Original assistant-authored experimental fixtures; not collected observations.,"Provisional illustrative ranking, not a human norm or measurement."
lex_rabbit,size,3,demo_ordinal,Original assistant-authored experimental fixtures; not collected observations.,"Provisional illustrative ranking, not a human norm or measurement."
lex_basketball,size,3,demo_ordinal,Original assistant-authored experimental fixtures; not collected observations.,"Provisional illustrative ranking, not a human norm or measurement."
lex_brick,size,3,demo_ordinal,Original assistant-authored experimental fixtures; not collected observations.,"Provisional illustrative ranking, not a human norm or measurement."
lex_chair,size,4,demo_ordinal,Original assistant-authored experimental fixtures; not collected observations.,"Provisional illustrative ranking, not a human norm or measurement."
lex_bicycle,size,4,demo_ordinal,Original assistant-authored experimental fixtures; not collected observations.,"Provisional illustrative ranking, not a human norm or measurement."
lex_dog,size,4,demo_ordinal,Original assistant-authored experimental fixtures; not collected observations.,"Provisional illustrative ranking, not a human norm or measurement."
lex_armchair,size,4,demo_ordinal,Original assistant-authored experimental fixtures; not collected observations.,"Provisional illustrative ranking, not a human norm or measurement."
lex_adult_person,size,4,demo_ordinal,Original assistant-authored experimental fixtures; not collected observations.,"Provisional illustrative ranking, not a human norm or measurement."
lex_elephant,size,5,demo_ordinal,Original assistant-authored experimental fixtures; not collected observations.,"Provisional illustrative ranking, not a human norm or measurement."
lex_shipping_container,size,5,demo_ordinal,Original assistant-authored experimental fixtures; not collected observations.,"Provisional illustrative ranking, not a human norm or measurement."
lex_bus,size,5,demo_ordinal,Original assistant-authored experimental fixtures; not collected observations.,"Provisional illustrative ranking, not a human norm or measurement."
lex_airplane,size,5,demo_ordinal,Original assistant-authored experimental fixtures; not collected observations.,"Provisional illustrative ranking, not a human norm or measurement."
lex_building,size,5,demo_ordinal,Original assistant-authored experimental fixtures; not collected observations.,"Provisional illustrative ranking, not a human norm or measurement."
lex_feather,mass,1,demo_ordinal,Original assistant-authored experimental fixtures; not collected observations.,"Provisional illustrative ranking, not a human norm or measurement."
lex_paperclip,mass,1,demo_ordinal,Original assistant-authored experimental fixtures; not collected observations.,"Provisional illustrative ranking, not a human norm or measurement."
lex_postage_stamp,mass,1,demo_ordinal,Original assistant-authored experimental fixtures; not collected observations.,"Provisional illustrative ranking, not a human norm or measurement."
lex_rice_grain,mass,1,demo_ordinal,Original assistant-authored experimental fixtures; not collected observations.,"Provisional illustrative ranking, not a human norm or measurement."
lex_dry_leaf,mass,1,demo_ordinal,Original assistant-authored experimental fixtures; not collected observations.,"Provisional illustrative ranking, not a human norm or measurement."
lex_pencil,mass,2,demo_ordinal,Original assistant-authored experimental fixtures; not collected observations.,"Provisional illustrative ranking, not a human norm or measurement."
lex_coin,mass,2,demo_ordinal,Original assistant-authored experimental fixtures; not collected observations.,"Provisional illustrative ranking, not a human norm or measurement."
lex_key,mass,2,demo_ordinal,Original assistant-authored experimental fixtures; not collected observations.,"Provisional illustrative ranking, not a human norm or measurement."
lex_eraser,mass,2,demo_ordinal,Original assistant-authored experimental fixtures; not collected observations.,"Provisional illustrative ranking, not a human norm or measurement."
lex_teabag,mass,2,demo_ordinal,Original assistant-authored experimental fixtures; not collected observations.,"Provisional illustrative ranking, not a human norm or measurement."
lex_apple,mass,3,demo_ordinal,Original assistant-authored experimental fixtures; not collected observations.,"Provisional illustrative ranking, not a human norm or measurement."
lex_smartphone,mass,3,demo_ordinal,Original assistant-authored experimental fixtures; not collected observations.,"Provisional illustrative ranking, not a human norm or measurement."
lex_mug,mass,3,demo_ordinal,Original assistant-authored experimental fixtures; not collected observations.,"Provisional illustrative ranking, not a human norm or measurement."
lex_orange,mass,3,demo_ordinal,Original assistant-authored experimental fixtures; not collected observations.,"Provisional illustrative ranking, not a human norm or measurement."
lex_bar_of_soap,mass,3,demo_ordinal,Original assistant-authored experimental fixtures; not collected observations.,"Provisional illustrative ranking, not a human norm or measurement."
lex_laptop,mass,4,demo_ordinal,Original assistant-authored experimental fixtures; not collected observations.,"Provisional illustrative ranking, not a human norm or measurement."
lex_brick,mass,4,demo_ordinal,Original assistant-authored experimental fixtures; not collected observations.,"Provisional illustrative ranking, not a human norm or measurement."
lex_dictionary,mass,4,demo_ordinal,Original assistant-authored experimental fixtures; not collected observations.,"Provisional illustrative ranking, not a human norm or measurement."
lex_bowling_ball,mass,4,demo_ordinal,Original assistant-authored experimental fixtures; not collected observations.,"Provisional illustrative ranking, not a human norm or measurement."
lex_kettlebell,mass,4,demo_ordinal,Original assistant-authored experimental fixtures; not collected observations.,"Provisional illustrative ranking, not a human norm or measurement."
lex_refrigerator,mass,5,demo_ordinal,Original assistant-authored experimental fixtures; not collected observations.,"Provisional illustrative ranking, not a human norm or measurement."
lex_motorcycle,mass,5,demo_ordinal,Original assistant-authored experimental fixtures; not collected observations.,"Provisional illustrative ranking, not a human norm or measurement."
lex_car,mass,5,demo_ordinal,Original assistant-authored experimental fixtures; not collected observations.,"Provisional illustrative ranking, not a human norm or measurement."
lex_elephant,mass,5,demo_ordinal,Original assistant-authored experimental fixtures; not collected observations.,"Provisional illustrative ranking, not a human norm or measurement."
lex_locomotive,mass,5,demo_ordinal,Original assistant-authored experimental fixtures; not collected observations.,"Provisional illustrative ranking, not a human norm or measurement."
lex_dry_ice,temperature,1,demo_ordinal,Original assistant-authored experimental fixtures; not collected observations.,"Provisional illustrative ranking, not a human norm or measurement."
lex_ice_cube,temperature,1,demo_ordinal,Original assistant-authored experimental fixtures; not collected observations.,"Provisional illustrative ranking, not a human norm or measurement."
lex_snow,temperature,1,demo_ordinal,Original assistant-authored experimental fixtures; not collected observations.,"Provisional illustrative ranking, not a human norm or measurement."
lex_frozen_lake,temperature,1,demo_ordinal,Original assistant-authored experimental fixtures; not collected observations.,"Provisional illustrative ranking, not a human norm or measurement."
lex_icicle,temperature,1,demo_ordinal,Original assistant-authored experimental fixtures; not collected observations.,"Provisional illustrative ranking, not a human norm or measurement."
lex_chilled_water,temperature,2,demo_ordinal,Original assistant-authored experimental fixtures; not collected observations.,"Provisional illustrative ranking, not a human norm or measurement."
lex_refrigerated_milk,temperature,2,demo_ordinal,Original assistant-authored experimental fixtures; not collected observations.,"Provisional illustrative ranking, not a human norm or measurement."
lex_cold_cellar,temperature,2,demo_ordinal,Original assistant-authored experimental fixtures; not collected observations.,"Provisional illustrative ranking, not a human norm or measurement."
lex_cool_stream,temperature,2,demo_ordinal,Original assistant-authored experimental fixtures; not collected observations.,"Provisional illustrative ranking, not a human norm or measurement."
lex_winter_air,temperature,2,demo_ordinal,Original assistant-authored experimental fixtures; not collected observations.,"Provisional illustrative ranking, not a human norm or measurement."
lex_room_temperature_water,temperature,3,demo_ordinal,Original assistant-authored experimental fixtures; not collected observations.,"Provisional illustrative ranking, not a human norm or measurement."
lex_indoor_air,temperature,3,demo_ordinal,Original assistant-authored experimental fixtures; not collected observations.,"Provisional illustrative ranking, not a human norm or measurement."
lex_wooden_desk,temperature,3,demo_ordinal,Original assistant-authored experimental fixtures; not collected observations.,"Provisional illustrative ranking, not a human norm or measurement."
lex_room_temperature_apple,temperature,3,demo_ordinal,Original assistant-authored experimental fixtures; not collected observations.,"Provisional illustrative ranking, not a human norm or measurement."
lex_unheated_ceramic_tile,temperature,3,demo_ordinal,Original assistant-authored experimental fixtures; not collected observations.,"Provisional illustrative ranking, not a human norm or measurement."
lex_warm_bath,temperature,4,demo_ordinal,Original assistant-authored experimental fixtures; not collected observations.,"Provisional illustrative ranking, not a human norm or measurement."
lex_sunlit_pavement,temperature,4,demo_ordinal,Original assistant-authored experimental fixtures; not collected observations.,"Provisional illustrative ranking, not a human norm or measurement."
lex_fresh_tea,temperature,4,demo_ordinal,Original assistant-authored experimental fixtures; not collected observations.,"Provisional illustrative ranking, not a human norm or measurement."
lex_heating_pad,temperature,4,demo_ordinal,Original assistant-authored experimental fixtures; not collected observations.,"Provisional illustrative ranking, not a human norm or measurement."
lex_warm_radiator,temperature,4,demo_ordinal,Original assistant-authored experimental fixtures; not collected observations.,"Provisional illustrative ranking, not a human norm or measurement."
lex_boiling_water,temperature,5,demo_ordinal,Original assistant-authored experimental fixtures; not collected observations.,"Provisional illustrative ranking, not a human norm or measurement."
lex_oven_interior,temperature,5,demo_ordinal,Original assistant-authored experimental fixtures; not collected observations.,"Provisional illustrative ranking, not a human norm or measurement."
lex_campfire,temperature,5,demo_ordinal,Original assistant-authored experimental fixtures; not collected observations.,"Provisional illustrative ranking, not a human norm or measurement."
lex_molten_lava,temperature,5,demo_ordinal,Original assistant-authored experimental fixtures; not collected observations.,"Provisional illustrative ranking, not a human norm or measurement."
lex_blast_furnace,temperature,5,demo_ordinal,Original assistant-authored experimental fixtures; not collected observations.,"Provisional illustrative ranking, not a human norm or measurement."
lex_parked_car,speed,1,demo_ordinal,Original assistant-authored experimental fixtures; not collected observations.,"Provisional illustrative ranking, not a human norm or measurement."
lex_stationary_statue,speed,1,demo_ordinal,Original assistant-authored experimental fixtures; not collected observations.,"Provisional illustrative ranking, not a human norm or measurement."
lex_resting_stone,speed,1,demo_ordinal,Original assistant-authored experimental fixtures; not collected observations.,"Provisional illustrative ranking, not a human norm or measurement."
lex_stopped_clock_hand,speed,1,demo_ordinal,Original assistant-authored experimental fixtures; not collected observations.,"Provisional illustrative ranking, not a human norm or measurement."
lex_anchored_boat,speed,1,demo_ordinal,Original assistant-authored experimental fixtures; not collected observations.,"Provisional illustrative ranking, not a human norm or measurement."
lex_snail,speed,2,demo_ordinal,Original assistant-authored experimental fixtures; not collected observations.,"Provisional illustrative ranking, not a human norm or measurement."
lex_tortoise,speed,2,demo_ordinal,Original assistant-authored experimental fixtures; not collected observations.,"Provisional illustrative ranking, not a human norm or measurement."
lex_crawling_baby,speed,2,demo_ordinal,Original assistant-authored experimental fixtures; not collected observations.,"Provisional illustrative ranking, not a human norm or measurement."
lex_drifting_leaf,speed,2,demo_ordinal,Original assistant-authored experimental fixtures; not collected observations.,"Provisional illustrative ranking, not a human norm or measurement."
lex_walking_pedestrian,speed,2,demo_ordinal,Original assistant-authored experimental fixtures; not collected observations.,"Provisional illustrative ranking, not a human norm or measurement."
lex_jogger,speed,3,demo_ordinal,Original assistant-authored experimental fixtures; not collected observations.,"Provisional illustrative ranking, not a human norm or measurement."
lex_cyclist,speed,3,demo_ordinal,Original assistant-authored experimental fixtures; not collected observations.,"Provisional illustrative ranking, not a human norm or measurement."
lex_swimmer,speed,3,demo_ordinal,Original assistant-authored experimental fixtures; not collected observations.,"Provisional illustrative ranking, not a human norm or measurement."
lex_running_dog,speed,3,demo_ordinal,Original assistant-authored experimental fixtures; not collected observations.,"Provisional illustrative ranking, not a human norm or measurement."
lex_rolling_skateboard,speed,3,demo_ordinal,Original assistant-authored experimental fixtures; not collected observations.,"Provisional illustrative ranking, not a human norm or measurement."
lex_galloping_horse,speed,4,demo_ordinal,Original assistant-authored experimental fixtures; not collected observations.,"Provisional illustrative ranking, not a human norm or measurement."
lex_moving_train,speed,4,demo_ordinal,Original assistant-authored experimental fixtures; not collected observations.,"Provisional illustrative ranking, not a human norm or measurement."
lex_motorcycle_on_a_highway,speed,4,demo_ordinal,Original assistant-authored experimental fixtures; not collected observations.,"Provisional illustrative ranking, not a human norm or measurement."
lex_cheetah,speed,4,demo_ordinal,Original assistant-authored experimental fixtures; not collected observations.,"Provisional illustrative ranking, not a human norm or measurement."
lex_speedboat,speed,4,demo_ordinal,Original assistant-authored experimental fixtures; not collected observations.,"Provisional illustrative ranking, not a human norm or measurement."
lex_jet_aircraft,speed,5,demo_ordinal,Original assistant-authored experimental fixtures; not collected observations.,"Provisional illustrative ranking, not a human norm or measurement."
lex_racing_car,speed,5,demo_ordinal,Original assistant-authored experimental fixtures; not collected observations.,"Provisional illustrative ranking, not a human norm or measurement."
lex_rocket,speed,5,demo_ordinal,Original assistant-authored experimental fixtures; not collected observations.,"Provisional illustrative ranking, not a human norm or measurement."
lex_meteor,speed,5,demo_ordinal,Original assistant-authored experimental fixtures; not collected observations.,"Provisional illustrative ranking, not a human norm or measurement."
lex_spacecraft,speed,5,demo_ordinal,Original assistant-authored experimental fixtures; not collected observations.,"Provisional illustrative ranking, not a human norm or measurement."
lex_unlit_cave,brightness,1,demo_ordinal,Original assistant-authored experimental fixtures; not collected observations.,"Provisional illustrative ranking, not a human norm or measurement."
lex_black_cloth_in_shade,brightness,1,demo_ordinal,Original assistant-authored experimental fixtures; not collected observations.,"Provisional illustrative ranking, not a human norm or measurement."
lex_moonless_sky,brightness,1,demo_ordinal,Original assistant-authored experimental fixtures; not collected observations.,"Provisional illustrative ranking, not a human norm or measurement."
lex_unlit_screen,brightness,1,demo_ordinal,Original assistant-authored experimental fixtures; not collected observations.,"Provisional illustrative ranking, not a human norm or measurement."
lex_dark_cupboard,brightness,1,demo_ordinal,Original assistant-authored experimental fixtures; not collected observations.,"Provisional illustrative ranking, not a human norm or measurement."
lex_candlelit_room,brightness,2,demo_ordinal,Original assistant-authored experimental fixtures; not collected observations.,"Provisional illustrative ranking, not a human norm or measurement."
lex_night_light,brightness,2,demo_ordinal,Original assistant-authored experimental fixtures; not collected observations.,"Provisional illustrative ranking, not a human norm or measurement."
lex_twilight_sky,brightness,2,demo_ordinal,Original assistant-authored experimental fixtures; not collected observations.,"Provisional illustrative ranking, not a human norm or measurement."
lex_dim_hallway,brightness,2,demo_ordinal,Original assistant-authored experimental fixtures; not collected observations.,"Provisional illustrative ranking, not a human norm or measurement."
lex_glowing_ember,brightness,2,demo_ordinal,Original assistant-authored experimental fixtures; not collected observations.,"Provisional illustrative ranking, not a human norm or measurement."
lex_cloudy_sky,brightness,3,demo_ordinal,Original assistant-authored experimental fixtures; not collected observations.,"Provisional illustrative ranking, not a human norm or measurement."
lex_desk_lamp,brightness,3,demo_ordinal,Original assistant-authored experimental fixtures; not collected observations.,"Provisional illustrative ranking, not a human norm or measurement."
lex_computer_screen,brightness,3,demo_ordinal,Original assistant-authored experimental fixtures; not collected observations.,"Provisional illustrative ranking, not a human norm or measurement."
lex_lit_kitchen,brightness,3,demo_ordinal,Original assistant-authored experimental fixtures; not collected observations.,"Provisional illustrative ranking, not a human norm or measurement."
lex_overcast_courtyard,brightness,3,demo_ordinal,Original assistant-authored experimental fixtures; not collected observations.,"Provisional illustrative ranking, not a human norm or measurement."
lex_sunlit_white_wall,brightness,4,demo_ordinal,Original assistant-authored experimental fixtures; not collected observations.,"Provisional illustrative ranking, not a human norm or measurement."
lex_stage_spotlight,brightness,4,demo_ordinal,Original assistant-authored experimental fixtures; not collected observations.,"Provisional illustrative ranking, not a human norm or measurement."
lex_car_headlight,brightness,4,demo_ordinal,Original assistant-authored experimental fixtures; not collected observations.,"Provisional illustrative ranking, not a human norm or measurement."
lex_bright_shop_window,brightness,4,demo_ordinal,Original assistant-authored experimental fixtures; not collected observations.,"Provisional illustrative ranking, not a human norm or measurement."
lex_sunlit_snow,brightness,4,demo_ordinal,Original assistant-authored experimental fixtures; not collected observations.,"Provisional illustrative ranking, not a human norm or measurement."
lex_sun_s_disc,brightness,5,demo_ordinal,Original assistant-authored experimental fixtures; not collected observations.,"Provisional illustrative ranking, not a human norm or measurement."
lex_camera_flash,brightness,5,demo_ordinal,Original assistant-authored experimental fixtures; not collected observations.,"Provisional illustrative ranking, not a human norm or measurement."
lex_welding_arc,brightness,5,demo_ordinal,Original assistant-authored experimental fixtures; not collected observations.,"Provisional illustrative ranking, not a human norm or measurement."
lex_lightning_flash,brightness,5,demo_ordinal,Original assistant-authored experimental fixtures; not collected observations.,"Provisional illustrative ranking, not a human norm or measurement."
lex_floodlight,brightness,5,demo_ordinal,Original assistant-authored experimental fixtures; not collected observations.,"Provisional illustrative ranking, not a human norm or measurement."
lex_falling_snow,loudness,1,demo_ordinal,Original assistant-authored experimental fixtures; not collected observations.,"Provisional illustrative ranking, not a human norm or measurement."
lex_distant_rustle,loudness,1,demo_ordinal,Original assistant-authored experimental fixtures; not collected observations.,"Provisional illustrative ranking, not a human norm or measurement."
lex_soft_breathing,loudness,1,demo_ordinal,Original assistant-authored experimental fixtures; not collected observations.,"Provisional illustrative ranking, not a human norm or measurement."
lex_ticking_wristwatch,loudness,1,demo_ordinal,Original assistant-authored experimental fixtures; not collected observations.,"Provisional illustrative ranking, not a human norm or measurement."
lex_faint_hum,loudness,1,demo_ordinal,Original assistant-authored experimental fixtures; not collected observations.,"Provisional illustrative ranking, not a human norm or measurement."
lex_whisper,loudness,2,demo_ordinal,Original assistant-authored experimental fixtures; not collected observations.,"Provisional illustrative ranking, not a human norm or measurement."
lex_turning_book_page,loudness,2,demo_ordinal,Original assistant-authored experimental fixtures; not collected observations.,"Provisional illustrative ranking, not a human norm or measurement."
lex_gentle_rain,loudness,2,demo_ordinal,Original assistant-authored experimental fixtures; not collected observations.,"Provisional illustrative ranking, not a human norm or measurement."
lex_quiet_fan,loudness,2,demo_ordinal,Original assistant-authored experimental fixtures; not collected observations.,"Provisional illustrative ranking, not a human norm or measurement."
lex_soft_footsteps,loudness,2,demo_ordinal,Original assistant-authored experimental fixtures; not collected observations.,"Provisional illustrative ranking, not a human norm or measurement."
lex_conversation,loudness,3,demo_ordinal,Original assistant-authored experimental fixtures; not collected observations.,"Provisional illustrative ranking, not a human norm or measurement."
lex_running_tap,loudness,3,demo_ordinal,Original assistant-authored experimental fixtures; not collected observations.,"Provisional illustrative ranking, not a human norm or measurement."
lex_piano_practice,loudness,3,demo_ordinal,Original assistant-authored experimental fixtures; not collected observations.,"Provisional illustrative ranking, not a human norm or measurement."
lex_busy_cafe,loudness,3,demo_ordinal,Original assistant-authored experimental fixtures; not collected observations.,"Provisional illustrative ranking, not a human norm or measurement."
lex_television,loudness,3,demo_ordinal,Original assistant-authored experimental fixtures; not collected observations.,"Provisional illustrative ranking, not a human norm or measurement."
lex_vacuum_cleaner,loudness,4,demo_ordinal,Original assistant-authored experimental fixtures; not collected observations.,"Provisional illustrative ranking, not a human norm or measurement."
lex_shouting_crowd,loudness,4,demo_ordinal,Original assistant-authored experimental fixtures; not collected observations.,"Provisional illustrative ranking, not a human norm or measurement."
lex_passing_truck,loudness,4,demo_ordinal,Original assistant-authored experimental fixtures; not collected observations.,"Provisional illustrative ranking, not a human norm or measurement."
lex_power_drill,loudness,4,demo_ordinal,Original assistant-authored experimental fixtures; not collected observations.,"Provisional illustrative ranking, not a human norm or measurement."
lex_barking_dog,loudness,4,demo_ordinal,Original assistant-authored experimental fixtures; not collected observations.,"Provisional illustrative ranking, not a human norm or measurement."
lex_thunderclap,loudness,5,demo_ordinal,Original assistant-authored experimental fixtures; not collected observations.,"Provisional illustrative ranking, not a human norm or measurement."
lex_jet_takeoff,loudness,5,demo_ordinal,Original assistant-authored experimental fixtures; not collected observations.,"Provisional illustrative ranking, not a human norm or measurement."
lex_stadium_roar,loudness,5,demo_ordinal,Original assistant-authored experimental fixtures; not collected observations.,"Provisional illustrative ranking, not a human norm or measurement."
lex_fire_alarm,loudness,5,demo_ordinal,Original assistant-authored experimental fixtures; not collected observations.,"Provisional illustrative ranking, not a human norm or measurement."
lex_rock_concert,loudness,5,demo_ordinal,Original assistant-authored experimental fixtures; not collected observations.,"Provisional illustrative ranking, not a human norm or measurement."
lex_bass_drum,pitch,1,demo_ordinal,Original assistant-authored experimental fixtures; not collected observations.,"Provisional illustrative ranking, not a human norm or measurement."
lex_low_organ_pedal,pitch,1,demo_ordinal,Original assistant-authored experimental fixtures; not collected observations.,"Provisional illustrative ranking, not a human norm or measurement."
lex_tuba,pitch,1,demo_ordinal,Original assistant-authored experimental fixtures; not collected observations.,"Provisional illustrative ranking, not a human norm or measurement."
lex_bass_guitar,pitch,1,demo_ordinal,Original assistant-authored experimental fixtures; not collected observations.,"Provisional illustrative ranking, not a human norm or measurement."
lex_distant_rumble,pitch,1,demo_ordinal,Original assistant-authored experimental fixtures; not collected observations.,"Provisional illustrative ranking, not a human norm or measurement."
lex_cello,pitch,2,demo_ordinal,Original assistant-authored experimental fixtures; not collected observations.,"Provisional illustrative ranking, not a human norm or measurement."
lex_baritone_voice,pitch,2,demo_ordinal,Original assistant-authored experimental fixtures; not collected observations.,"Provisional illustrative ranking, not a human norm or measurement."
lex_bassoon,pitch,2,demo_ordinal,Original assistant-authored experimental fixtures; not collected observations.,"Provisional illustrative ranking, not a human norm or measurement."
lex_low_piano_note,pitch,2,demo_ordinal,Original assistant-authored experimental fixtures; not collected observations.,"Provisional illustrative ranking, not a human norm or measurement."
lex_bull_s_bellow,pitch,2,demo_ordinal,Original assistant-authored experimental fixtures; not collected observations.,"Provisional illustrative ranking, not a human norm or measurement."
lex_conversational_voice,pitch,3,demo_ordinal,Original assistant-authored experimental fixtures; not collected observations.,"Provisional illustrative ranking, not a human norm or measurement."
lex_viola,pitch,3,demo_ordinal,Original assistant-authored experimental fixtures; not collected observations.,"Provisional illustrative ranking, not a human norm or measurement."
lex_guitar_middle_string,pitch,3,demo_ordinal,Original assistant-authored experimental fixtures; not collected observations.,"Provisional illustrative ranking, not a human norm or measurement."
lex_clarinet_middle_register,pitch,3,demo_ordinal,Original assistant-authored experimental fixtures; not collected observations.,"Provisional illustrative ranking, not a human norm or measurement."
lex_middle_piano_note,pitch,3,demo_ordinal,Original assistant-authored experimental fixtures; not collected observations.,"Provisional illustrative ranking, not a human norm or measurement."
lex_flute,pitch,4,demo_ordinal,Original assistant-authored experimental fixtures; not collected observations.,"Provisional illustrative ranking, not a human norm or measurement."
lex_soprano_voice,pitch,4,demo_ordinal,Original assistant-authored experimental fixtures; not collected observations.,"Provisional illustrative ranking, not a human norm or measurement."
lex_violin_upper_register,pitch,4,demo_ordinal,Original assistant-authored experimental fixtures; not collected observations.,"Provisional illustrative ranking, not a human norm or measurement."
lex_birdsong,pitch,4,demo_ordinal,Original assistant-authored experimental fixtures; not collected observations.,"Provisional illustrative ranking, not a human norm or measurement."
lex_whistling_kettle,pitch,4,demo_ordinal,Original assistant-authored experimental fixtures; not collected observations.,"Provisional illustrative ranking, not a human norm or measurement."
lex_piccolo,pitch,5,demo_ordinal,Original assistant-authored experimental fixtures; not collected observations.,"Provisional illustrative ranking, not a human norm or measurement."
lex_mosquito_whine,pitch,5,demo_ordinal,Original assistant-authored experimental fixtures; not collected observations.,"Provisional illustrative ranking, not a human norm or measurement."
lex_high_electronic_beep,pitch,5,demo_ordinal,Original assistant-authored experimental fixtures; not collected observations.,"Provisional illustrative ranking, not a human norm or measurement."
lex_squeaky_hinge,pitch,5,demo_ordinal,Original assistant-authored experimental fixtures; not collected observations.,"Provisional illustrative ranking, not a human norm or measurement."
lex_bat_chirp,pitch,5,demo_ordinal,Original assistant-authored experimental fixtures; not collected observations.,"Provisional illustrative ranking, not a human norm or measurement."
lex_polished_glass,roughness,1,demo_ordinal,Original assistant-authored experimental fixtures; not collected observations.,"Provisional illustrative ranking, not a human norm or measurement."
lex_silk,roughness,1,demo_ordinal,Original assistant-authored experimental fixtures; not collected observations.,"Provisional illustrative ranking, not a human norm or measurement."
lex_mirror,roughness,1,demo_ordinal,Original assistant-authored experimental fixtures; not collected observations.,"Provisional illustrative ranking, not a human norm or measurement."
lex_glazed_porcelain,roughness,1,demo_ordinal,Original assistant-authored experimental fixtures; not collected observations.,"Provisional illustrative ranking, not a human norm or measurement."
lex_smooth_ice,roughness,1,demo_ordinal,Original assistant-authored experimental fixtures; not collected observations.,"Provisional illustrative ranking, not a human norm or measurement."
lex_satin,roughness,2,demo_ordinal,Original assistant-authored experimental fixtures; not collected observations.,"Provisional illustrative ranking, not a human norm or measurement."
lex_plastic_ruler,roughness,2,demo_ordinal,Original assistant-authored experimental fixtures; not collected observations.,"Provisional illustrative ranking, not a human norm or measurement."
lex_polished_wood,roughness,2,demo_ordinal,Original assistant-authored experimental fixtures; not collected observations.,"Provisional illustrative ranking, not a human norm or measurement."
lex_fine_paper,roughness,2,demo_ordinal,Original assistant-authored experimental fixtures; not collected observations.,"Provisional illustrative ranking, not a human norm or measurement."
lex_smooth_leather,roughness,2,demo_ordinal,Original assistant-authored experimental fixtures; not collected observations.,"Provisional illustrative ranking, not a human norm or measurement."
lex_cotton_cloth,roughness,3,demo_ordinal,Original assistant-authored experimental fixtures; not collected observations.,"Provisional illustrative ranking, not a human norm or measurement."
lex_cardboard,roughness,3,demo_ordinal,Original assistant-authored experimental fixtures; not collected observations.,"Provisional illustrative ranking, not a human norm or measurement."
lex_unpolished_wood,roughness,3,demo_ordinal,Original assistant-authored experimental fixtures; not collected observations.,"Provisional illustrative ranking, not a human norm or measurement."
lex_woven_linen,roughness,3,demo_ordinal,Original assistant-authored experimental fixtures; not collected observations.,"Provisional illustrative ranking, not a human norm or measurement."
lex_orange_peel,roughness,3,demo_ordinal,Original assistant-authored experimental fixtures; not collected observations.,"Provisional illustrative ranking, not a human norm or measurement."
lex_tree_bark,roughness,4,demo_ordinal,Original assistant-authored experimental fixtures; not collected observations.,"Provisional illustrative ranking, not a human norm or measurement."
lex_sandpaper,roughness,4,demo_ordinal,Original assistant-authored experimental fixtures; not collected observations.,"Provisional illustrative ranking, not a human norm or measurement."
lex_gravel,roughness,4,demo_ordinal,Original assistant-authored experimental fixtures; not collected observations.,"Provisional illustrative ranking, not a human norm or measurement."
lex_coarse_fabric,roughness,4,demo_ordinal,Original assistant-authored experimental fixtures; not collected observations.,"Provisional illustrative ranking, not a human norm or measurement."
lex_rough_stone,roughness,4,demo_ordinal,Original assistant-authored experimental fixtures; not collected observations.,"Provisional illustrative ranking, not a human norm or measurement."
lex_jagged_rock,roughness,5,demo_ordinal,Original assistant-authored experimental fixtures; not collected observations.,"Provisional illustrative ranking, not a human norm or measurement."
lex_coarse_rasp,roughness,5,demo_ordinal,Original assistant-authored experimental fixtures; not collected observations.,"Provisional illustrative ranking, not a human norm or measurement."
lex_broken_concrete,roughness,5,demo_ordinal,Original assistant-authored experimental fixtures; not collected observations.,"Provisional illustrative ranking, not a human norm or measurement."
lex_sharp_lava_rock,roughness,5,demo_ordinal,Original assistant-authored experimental fixtures; not collected observations.,"Provisional illustrative ranking, not a human norm or measurement."
lex_very_coarse_sandpaper,roughness,5,demo_ordinal,Original assistant-authored experimental fixtures; not collected observations.,"Provisional illustrative ranking, not a human norm or measurement."
lex_whipped_cream,hardness,1,demo_ordinal,Original assistant-authored experimental fixtures; not collected observations.,"Provisional illustrative ranking, not a human norm or measurement."
lex_soft_foam,hardness,1,demo_ordinal,Original assistant-authored experimental fixtures; not collected observations.,"Provisional illustrative ranking, not a human norm or measurement."
lex_fresh_dough,hardness,1,demo_ordinal,Original assistant-authored experimental fixtures; not collected observations.,"Provisional illustrative ranking, not a human norm or measurement."
lex_cotton_wool,hardness,1,demo_ordinal,Original assistant-authored experimental fixtures; not collected observations.,"Provisional illustrative ranking, not a human norm or measurement."
lex_gelatin_dessert,hardness,1,demo_ordinal,Original assistant-authored experimental fixtures; not collected observations.,"Provisional illustrative ranking, not a human norm or measurement."
lex_rubber_eraser,hardness,2,demo_ordinal,Original assistant-authored experimental fixtures; not collected observations.,"Provisional illustrative ranking, not a human norm or measurement."
lex_soft_clay,hardness,2,demo_ordinal,Original assistant-authored experimental fixtures; not collected observations.,"Provisional illustrative ranking, not a human norm or measurement."
lex_candle_wax,hardness,2,demo_ordinal,Original assistant-authored experimental fixtures; not collected observations.,"Provisional illustrative ranking, not a human norm or measurement."
lex_ripe_banana,hardness,2,demo_ordinal,Original assistant-authored experimental fixtures; not collected observations.,"Provisional illustrative ranking, not a human norm or measurement."
lex_cork,hardness,2,demo_ordinal,Original assistant-authored experimental fixtures; not collected observations.,"Provisional illustrative ranking, not a human norm or measurement."
lex_leather,hardness,3,demo_ordinal,Original assistant-authored experimental fixtures; not collected observations.,"Provisional illustrative ranking, not a human norm or measurement."
lex_cardboard,hardness,3,demo_ordinal,Original assistant-authored experimental fixtures; not collected observations.,"Provisional illustrative ranking, not a human norm or measurement."
lex_pine_wood,hardness,3,demo_ordinal,Original assistant-authored experimental fixtures; not collected observations.,"Provisional illustrative ranking, not a human norm or measurement."
lex_firm_rubber,hardness,3,demo_ordinal,Original assistant-authored experimental fixtures; not collected observations.,"Provisional illustrative ranking, not a human norm or measurement."
lex_packed_soil,hardness,3,demo_ordinal,Original assistant-authored experimental fixtures; not collected observations.,"Provisional illustrative ranking, not a human norm or measurement."
lex_hardwood,hardness,4,demo_ordinal,Original assistant-authored experimental fixtures; not collected observations.,"Provisional illustrative ranking, not a human norm or measurement."
lex_brick,hardness,4,demo_ordinal,Original assistant-authored experimental fixtures; not collected observations.,"Provisional illustrative ranking, not a human norm or measurement."
lex_aluminium_plate,hardness,4,demo_ordinal,Original assistant-authored experimental fixtures; not collected observations.,"Provisional illustrative ranking, not a human norm or measurement."
lex_ceramic_tile,hardness,4,demo_ordinal,Original assistant-authored experimental fixtures; not collected observations.,"Provisional illustrative ranking, not a human norm or measurement."
lex_bone,hardness,4,demo_ordinal,Original assistant-authored experimental fixtures; not collected observations.,"Provisional illustrative ranking, not a human norm or measurement."
lex_steel_block,hardness,5,demo_ordinal,Original assistant-authored experimental fixtures; not collected observations.,"Provisional illustrative ranking, not a human norm or measurement."
lex_granite,hardness,5,demo_ordinal,Original assistant-authored experimental fixtures; not collected observations.,"Provisional illustrative ranking, not a human norm or measurement."
lex_quartz,hardness,5,demo_ordinal,Original assistant-authored experimental fixtures; not collected observations.,"Provisional illustrative ranking, not a human norm or measurement."
lex_hardened_tool_steel,hardness,5,demo_ordinal,Original assistant-authored experimental fixtures; not collected observations.,"Provisional illustrative ranking, not a human norm or measurement."
lex_diamond,hardness,5,demo_ordinal,Original assistant-authored experimental fixtures; not collected observations.,"Provisional illustrative ranking, not a human norm or measurement."
lex_molded_clay,elasticity,1,demo_ordinal,Original assistant-authored experimental fixtures; not collected observations.,"Provisional illustrative ranking, not a human norm or measurement."
lex_kneaded_dough,elasticity,1,demo_ordinal,Original assistant-authored experimental fixtures; not collected observations.,"Provisional illustrative ranking, not a human norm or measurement."
lex_crumpled_foil,elasticity,1,demo_ordinal,Original assistant-authored experimental fixtures; not collected observations.,"Provisional illustrative ranking, not a human norm or measurement."
lex_bent_paperclip,elasticity,1,demo_ordinal,Original assistant-authored experimental fixtures; not collected observations.,"Provisional illustrative ranking, not a human norm or measurement."
lex_putty,elasticity,1,demo_ordinal,Original assistant-authored experimental fixtures; not collected observations.,"Provisional illustrative ranking, not a human norm or measurement."
lex_damp_cardboard,elasticity,2,demo_ordinal,Original assistant-authored experimental fixtures; not collected observations.,"Provisional illustrative ranking, not a human norm or measurement."
lex_creased_paper,elasticity,2,demo_ordinal,Original assistant-authored experimental fixtures; not collected observations.,"Provisional illustrative ranking, not a human norm or measurement."
lex_soft_wax,elasticity,2,demo_ordinal,Original assistant-authored experimental fixtures; not collected observations.,"Provisional illustrative ranking, not a human norm or measurement."
lex_compressed_sand,elasticity,2,demo_ordinal,Original assistant-authored experimental fixtures; not collected observations.,"Provisional illustrative ranking, not a human norm or measurement."
lex_flattened_dough,elasticity,2,demo_ordinal,Original assistant-authored experimental fixtures; not collected observations.,"Provisional illustrative ranking, not a human norm or measurement."
lex_worn_sponge,elasticity,3,demo_ordinal,Original assistant-authored experimental fixtures; not collected observations.,"Provisional illustrative ranking, not a human norm or measurement."
lex_memory_foam,elasticity,3,demo_ordinal,Original assistant-authored experimental fixtures; not collected observations.,"Provisional illustrative ranking, not a human norm or measurement."
lex_soft_leather,elasticity,3,demo_ordinal,Original assistant-authored experimental fixtures; not collected observations.,"Provisional illustrative ranking, not a human norm or measurement."
lex_felt_pad,elasticity,3,demo_ordinal,Original assistant-authored experimental fixtures; not collected observations.,"Provisional illustrative ranking, not a human norm or measurement."
lex_flexible_packing_foam,elasticity,3,demo_ordinal,Original assistant-authored experimental fixtures; not collected observations.,"Provisional illustrative ranking, not a human norm or measurement."
lex_cork_stopper,elasticity,4,demo_ordinal,Original assistant-authored experimental fixtures; not collected observations.,"Provisional illustrative ranking, not a human norm or measurement."
lex_silicone_sheet,elasticity,4,demo_ordinal,Original assistant-authored experimental fixtures; not collected observations.,"Provisional illustrative ranking, not a human norm or measurement."
lex_springy_foam,elasticity,4,demo_ordinal,Original assistant-authored experimental fixtures; not collected observations.,"Provisional illustrative ranking, not a human norm or measurement."
lex_flexible_plastic_strip,elasticity,4,demo_ordinal,Original assistant-authored experimental fixtures; not collected observations.,"Provisional illustrative ranking, not a human norm or measurement."
lex_wool_cushion,elasticity,4,demo_ordinal,Original assistant-authored experimental fixtures; not collected observations.,"Provisional illustrative ranking, not a human norm or measurement."
lex_rubber_band,elasticity,5,demo_ordinal,Original assistant-authored experimental fixtures; not collected observations.,"Provisional illustrative ranking, not a human norm or measurement."
lex_steel_spring,elasticity,5,demo_ordinal,Original assistant-authored experimental fixtures; not collected observations.,"Provisional illustrative ranking, not a human norm or measurement."
lex_bungee_cord,elasticity,5,demo_ordinal,Original assistant-authored experimental fixtures; not collected observations.,"Provisional illustrative ranking, not a human norm or measurement."
lex_elastic_fabric,elasticity,5,demo_ordinal,Original assistant-authored experimental fixtures; not collected observations.,"Provisional illustrative ranking, not a human norm or measurement."
lex_rubber_ball,elasticity,5,demo_ordinal,Original assistant-authored experimental fixtures; not collected observations.,"Provisional illustrative ranking, not a human norm or measurement."
lex_plain_water,sweetness,1,demo_ordinal,Original assistant-authored experimental fixtures; not collected observations.,"Provisional illustrative ranking, not a human norm or measurement."
lex_unsweetened_tea,sweetness,1,demo_ordinal,Original assistant-authored experimental fixtures; not collected observations.,"Provisional illustrative ranking, not a human norm or measurement."
lex_black_coffee,sweetness,1,demo_ordinal,Original assistant-authored experimental fixtures; not collected observations.,"Provisional illustrative ranking, not a human norm or measurement."
lex_celery,sweetness,1,demo_ordinal,Original assistant-authored experimental fixtures; not collected observations.,"Provisional illustrative ranking, not a human norm or measurement."
lex_cucumber,sweetness,1,demo_ordinal,Original assistant-authored experimental fixtures; not collected observations.,"Provisional illustrative ranking, not a human norm or measurement."
lex_plain_milk,sweetness,2,demo_ordinal,Original assistant-authored experimental fixtures; not collected observations.,"Provisional illustrative ranking, not a human norm or measurement."
lex_carrot,sweetness,2,demo_ordinal,Original assistant-authored experimental fixtures; not collected observations.,"Provisional illustrative ranking, not a human norm or measurement."
lex_oatmeal,sweetness,2,demo_ordinal,Original assistant-authored experimental fixtures; not collected observations.,"Provisional illustrative ranking, not a human norm or measurement."
lex_plain_bread,sweetness,2,demo_ordinal,Original assistant-authored experimental fixtures; not collected observations.,"Provisional illustrative ranking, not a human norm or measurement."
lex_unsweetened_yogurt,sweetness,2,demo_ordinal,Original assistant-authored experimental fixtures; not collected observations.,"Provisional illustrative ranking, not a human norm or measurement."
lex_apple,sweetness,3,demo_ordinal,Original assistant-authored experimental fixtures; not collected observations.,"Provisional illustrative ranking, not a human norm or measurement."
lex_banana,sweetness,3,demo_ordinal,Original assistant-authored experimental fixtures; not collected observations.,"Provisional illustrative ranking, not a human norm or measurement."
lex_sweetcorn,sweetness,3,demo_ordinal,Original assistant-authored experimental fixtures; not collected observations.,"Provisional illustrative ranking, not a human norm or measurement."
lex_strawberry,sweetness,3,demo_ordinal,Original assistant-authored experimental fixtures; not collected observations.,"Provisional illustrative ranking, not a human norm or measurement."
lex_pear,sweetness,3,demo_ordinal,Original assistant-authored experimental fixtures; not collected observations.,"Provisional illustrative ranking, not a human norm or measurement."
lex_ripe_mango,sweetness,4,demo_ordinal,Original assistant-authored experimental fixtures; not collected observations.,"Provisional illustrative ranking, not a human norm or measurement."
lex_cake,sweetness,4,demo_ordinal,Original assistant-authored experimental fixtures; not collected observations.,"Provisional illustrative ranking, not a human norm or measurement."
lex_sweetened_yogurt,sweetness,4,demo_ordinal,Original assistant-authored experimental fixtures; not collected observations.,"Provisional illustrative ranking, not a human norm or measurement."
lex_milk_chocolate,sweetness,4,demo_ordinal,Original assistant-authored experimental fixtures; not collected observations.,"Provisional illustrative ranking, not a human norm or measurement."
lex_fruit_jam,sweetness,4,demo_ordinal,Original assistant-authored experimental fixtures; not collected observations.,"Provisional illustrative ranking, not a human norm or measurement."
lex_honey,sweetness,5,demo_ordinal,Original assistant-authored experimental fixtures; not collected observations.,"Provisional illustrative ranking, not a human norm or measurement."
lex_sugar_syrup,sweetness,5,demo_ordinal,Original assistant-authored experimental fixtures; not collected observations.,"Provisional illustrative ranking, not a human norm or measurement."
lex_hard_candy,sweetness,5,demo_ordinal,Original assistant-authored experimental fixtures; not collected observations.,"Provisional illustrative ranking, not a human norm or measurement."
lex_marshmallow,sweetness,5,demo_ordinal,Original assistant-authored experimental fixtures; not collected observations.,"Provisional illustrative ranking, not a human norm or measurement."
lex_icing_sugar,sweetness,5,demo_ordinal,Original assistant-authored experimental fixtures; not collected observations.,"Provisional illustrative ranking, not a human norm or measurement."
lex_toothache,pleasantness,1,demo_ordinal,Original assistant-authored experimental fixtures; not collected observations.,"Provisional illustrative ranking, not a human norm or measurement."
lex_bereavement,pleasantness,1,demo_ordinal,Original assistant-authored experimental fixtures; not collected observations.,"Provisional illustrative ranking, not a human norm or measurement."
lex_humiliation,pleasantness,1,demo_ordinal,Original assistant-authored experimental fixtures; not collected observations.,"Provisional illustrative ranking, not a human norm or measurement."
lex_severe_loneliness,pleasantness,1,demo_ordinal,Original assistant-authored experimental fixtures; not collected observations.,"Provisional illustrative ranking, not a human norm or measurement."
lex_nausea,pleasantness,1,demo_ordinal,Original assistant-authored experimental fixtures; not collected observations.,"Provisional illustrative ranking, not a human norm or measurement."
lex_traffic_delay,pleasantness,2,demo_ordinal,Original assistant-authored experimental fixtures; not collected observations.,"Provisional illustrative ranking, not a human norm or measurement."
lex_minor_argument,pleasantness,2,demo_ordinal,Original assistant-authored experimental fixtures; not collected observations.,"Provisional illustrative ranking, not a human norm or measurement."
lex_paper_cut,pleasantness,2,demo_ordinal,Original assistant-authored experimental fixtures; not collected observations.,"Provisional illustrative ranking, not a human norm or measurement."
lex_boredom,pleasantness,2,demo_ordinal,Original assistant-authored experimental fixtures; not collected observations.,"Provisional illustrative ranking, not a human norm or measurement."
lex_unwanted_noise,pleasantness,2,demo_ordinal,Original assistant-authored experimental fixtures; not collected observations.,"Provisional illustrative ranking, not a human norm or measurement."
lex_blank_form,pleasantness,3,demo_ordinal,Original assistant-authored experimental fixtures; not collected observations.,"Provisional illustrative ranking, not a human norm or measurement."
lex_plain_wall,pleasantness,3,demo_ordinal,Original assistant-authored experimental fixtures; not collected observations.,"Provisional illustrative ranking, not a human norm or measurement."
lex_neutral_announcement,pleasantness,3,demo_ordinal,Original assistant-authored experimental fixtures; not collected observations.,"Provisional illustrative ranking, not a human norm or measurement."
lex_empty_cardboard_box,pleasantness,3,demo_ordinal,Original assistant-authored experimental fixtures; not collected observations.,"Provisional illustrative ranking, not a human norm or measurement."
lex_ordinary_timetable,pleasantness,3,demo_ordinal,Original assistant-authored experimental fixtures; not collected observations.,"Provisional illustrative ranking, not a human norm or measurement."
lex_friendly_conversation,pleasantness,4,demo_ordinal,Original assistant-authored experimental fixtures; not collected observations.,"Provisional illustrative ranking, not a human norm or measurement."
lex_warm_bath,pleasantness,4,demo_ordinal,Original assistant-authored experimental fixtures; not collected observations.,"Provisional illustrative ranking, not a human norm or measurement."
lex_favorite_meal,pleasantness,4,demo_ordinal,Original assistant-authored experimental fixtures; not collected observations.,"Provisional illustrative ranking, not a human norm or measurement."
lex_sunny_walk,pleasantness,4,demo_ordinal,Original assistant-authored experimental fixtures; not collected observations.,"Provisional illustrative ranking, not a human norm or measurement."
lex_pleasant_music,pleasantness,4,demo_ordinal,Original assistant-authored experimental fixtures; not collected observations.,"Provisional illustrative ranking, not a human norm or measurement."
lex_joyful_reunion,pleasantness,5,demo_ordinal,Original assistant-authored experimental fixtures; not collected observations.,"Provisional illustrative ranking, not a human norm or measurement."
lex_deep_relief,pleasantness,5,demo_ordinal,Original assistant-authored experimental fixtures; not collected observations.,"Provisional illustrative ranking, not a human norm or measurement."
lex_loving_embrace,pleasantness,5,demo_ordinal,Original assistant-authored experimental fixtures; not collected observations.,"Provisional illustrative ranking, not a human norm or measurement."
lex_major_achievement,pleasantness,5,demo_ordinal,Original assistant-authored experimental fixtures; not collected observations.,"Provisional illustrative ranking, not a human norm or measurement."
lex_wonderful_surprise,pleasantness,5,demo_ordinal,Original assistant-authored experimental fixtures; not collected observations.,"Provisional illustrative ranking, not a human norm or measurement."
lex_sleepy_afternoon,arousal,1,demo_ordinal,Original assistant-authored experimental fixtures; not collected observations.,"Provisional illustrative ranking, not a human norm or measurement."
lex_quiet_rest,arousal,1,demo_ordinal,Original assistant-authored experimental fixtures; not collected observations.,"Provisional illustrative ranking, not a human norm or measurement."
lex_slow_breathing,arousal,1,demo_ordinal,Original assistant-authored experimental fixtures; not collected observations.,"Provisional illustrative ranking, not a human norm or measurement."
lex_drowsiness,arousal,1,demo_ordinal,Original assistant-authored experimental fixtures; not collected observations.,"Provisional illustrative ranking, not a human norm or measurement."
lex_gentle_lullaby,arousal,1,demo_ordinal,Original assistant-authored experimental fixtures; not collected observations.,"Provisional illustrative ranking, not a human norm or measurement."
lex_calm_reading,arousal,2,demo_ordinal,Original assistant-authored experimental fixtures; not collected observations.,"Provisional illustrative ranking, not a human norm or measurement."
lex_peaceful_garden,arousal,2,demo_ordinal,Original assistant-authored experimental fixtures; not collected observations.,"Provisional illustrative ranking, not a human norm or measurement."
lex_soft_music,arousal,2,demo_ordinal,Original assistant-authored experimental fixtures; not collected observations.,"Provisional illustrative ranking, not a human norm or measurement."
lex_relaxed_conversation,arousal,2,demo_ordinal,Original assistant-authored experimental fixtures; not collected observations.,"Provisional illustrative ranking, not a human norm or measurement."
lex_slow_walk,arousal,2,demo_ordinal,Original assistant-authored experimental fixtures; not collected observations.,"Provisional illustrative ranking, not a human norm or measurement."
lex_ordinary_meeting,arousal,3,demo_ordinal,Original assistant-authored experimental fixtures; not collected observations.,"Provisional illustrative ranking, not a human norm or measurement."
lex_light_exercise,arousal,3,demo_ordinal,Original assistant-authored experimental fixtures; not collected observations.,"Provisional illustrative ranking, not a human norm or measurement."
lex_interesting_lecture,arousal,3,demo_ordinal,Original assistant-authored experimental fixtures; not collected observations.,"Provisional illustrative ranking, not a human norm or measurement."
lex_friendly_game,arousal,3,demo_ordinal,Original assistant-authored experimental fixtures; not collected observations.,"Provisional illustrative ranking, not a human norm or measurement."
lex_routine_shopping,arousal,3,demo_ordinal,Original assistant-authored experimental fixtures; not collected observations.,"Provisional illustrative ranking, not a human norm or measurement."
lex_lively_celebration,arousal,4,demo_ordinal,Original assistant-authored experimental fixtures; not collected observations.,"Provisional illustrative ranking, not a human norm or measurement."
lex_competitive_match,arousal,4,demo_ordinal,Original assistant-authored experimental fixtures; not collected observations.,"Provisional illustrative ranking, not a human norm or measurement."
lex_urgent_deadline,arousal,4,demo_ordinal,Original assistant-authored experimental fixtures; not collected observations.,"Provisional illustrative ranking, not a human norm or measurement."
lex_exciting_news,arousal,4,demo_ordinal,Original assistant-authored experimental fixtures; not collected observations.,"Provisional illustrative ranking, not a human norm or measurement."
lex_tense_argument,arousal,4,demo_ordinal,Original assistant-authored experimental fixtures; not collected observations.,"Provisional illustrative ranking, not a human norm or measurement."
lex_panic,arousal,5,demo_ordinal,Original assistant-authored experimental fixtures; not collected observations.,"Provisional illustrative ranking, not a human norm or measurement."
lex_intense_excitement,arousal,5,demo_ordinal,Original assistant-authored experimental fixtures; not collected observations.,"Provisional illustrative ranking, not a human norm or measurement."
lex_sudden_alarm,arousal,5,demo_ordinal,Original assistant-authored experimental fixtures; not collected observations.,"Provisional illustrative ranking, not a human norm or measurement."
lex_thrilling_climax,arousal,5,demo_ordinal,Original assistant-authored experimental fixtures; not collected observations.,"Provisional illustrative ranking, not a human norm or measurement."
lex_extreme_surprise,arousal,5,demo_ordinal,Original assistant-authored experimental fixtures; not collected observations.,"Provisional illustrative ranking, not a human norm or measurement."
lex_soft_cushion,danger,1,demo_ordinal,Original assistant-authored experimental fixtures; not collected observations.,"Provisional illustrative ranking, not a human norm or measurement."
lex_folded_towel,danger,1,demo_ordinal,Original assistant-authored experimental fixtures; not collected observations.,"Provisional illustrative ranking, not a human norm or measurement."
lex_paper_bookmark,danger,1,demo_ordinal,Original assistant-authored experimental fixtures; not collected observations.,"Provisional illustrative ranking, not a human norm or measurement."
lex_plush_toy,danger,1,demo_ordinal,Original assistant-authored experimental fixtures; not collected observations.,"Provisional illustrative ranking, not a human norm or measurement."
lex_empty_notebook,danger,1,demo_ordinal,Original assistant-authored experimental fixtures; not collected observations.,"Provisional illustrative ranking, not a human norm or measurement."
lex_paper_edge,danger,2,demo_ordinal,Original assistant-authored experimental fixtures; not collected observations.,"Provisional illustrative ranking, not a human norm or measurement."
lex_uneven_paving_stone,danger,2,demo_ordinal,Original assistant-authored experimental fixtures; not collected observations.,"Provisional illustrative ranking, not a human norm or measurement."
lex_warm_cup,danger,2,demo_ordinal,Original assistant-authored experimental fixtures; not collected observations.,"Provisional illustrative ranking, not a human norm or measurement."
lex_small_splinter,danger,2,demo_ordinal,Original assistant-authored experimental fixtures; not collected observations.,"Provisional illustrative ranking, not a human norm or measurement."
lex_mildly_slippery_floor,danger,2,demo_ordinal,Original assistant-authored experimental fixtures; not collected observations.,"Provisional illustrative ranking, not a human norm or measurement."
lex_steep_staircase,danger,3,demo_ordinal,Original assistant-authored experimental fixtures; not collected observations.,"Provisional illustrative ranking, not a human norm or measurement."
lex_sharp_kitchen_knife,danger,3,demo_ordinal,Original assistant-authored experimental fixtures; not collected observations.,"Provisional illustrative ranking, not a human norm or measurement."
lex_busy_road,danger,3,demo_ordinal,Original assistant-authored experimental fixtures; not collected observations.,"Provisional illustrative ranking, not a human norm or measurement."
lex_deep_pond,danger,3,demo_ordinal,Original assistant-authored experimental fixtures; not collected observations.,"Provisional illustrative ranking, not a human norm or measurement."
lex_hot_pan,danger,3,demo_ordinal,Original assistant-authored experimental fixtures; not collected observations.,"Provisional illustrative ranking, not a human norm or measurement."
lex_cliff_edge,danger,4,demo_ordinal,Original assistant-authored experimental fixtures; not collected observations.,"Provisional illustrative ranking, not a human norm or measurement."
lex_unstable_ladder,danger,4,demo_ordinal,Original assistant-authored experimental fixtures; not collected observations.,"Provisional illustrative ranking, not a human norm or measurement."
lex_large_aggressive_animal,danger,4,demo_ordinal,Original assistant-authored experimental fixtures; not collected observations.,"Provisional illustrative ranking, not a human norm or measurement."
lex_fast_moving_traffic,danger,4,demo_ordinal,Original assistant-authored experimental fixtures; not collected observations.,"Provisional illustrative ranking, not a human norm or measurement."
lex_exposed_electrical_wire,danger,4,demo_ordinal,Original assistant-authored experimental fixtures; not collected observations.,"Provisional illustrative ranking, not a human norm or measurement."
lex_wildfire,danger,5,demo_ordinal,Original assistant-authored experimental fixtures; not collected observations.,"Provisional illustrative ranking, not a human norm or measurement."
lex_avalanche,danger,5,demo_ordinal,Original assistant-authored experimental fixtures; not collected observations.,"Provisional illustrative ranking, not a human norm or measurement."
lex_collapsing_building,danger,5,demo_ordinal,Original assistant-authored experimental fixtures; not collected observations.,"Provisional illustrative ranking, not a human norm or measurement."
lex_major_flood,danger,5,demo_ordinal,Original assistant-authored experimental fixtures; not collected observations.,"Provisional illustrative ranking, not a human norm or measurement."
lex_violent_tornado,danger,5,demo_ordinal,Original assistant-authored experimental fixtures; not collected observations.,"Provisional illustrative ranking, not a human norm or measurement."
